metric,kruskal_H,kruskal_p,epsilon_sq,n_low,mean_low,median_low,mad_low,n_medium,mean_medium,median_medium,mad_medium,n_high,mean_high,median_high,mad_high,mw_p_low_medium,mw_p_low_high,mw_p_medium_high,highest_tier_by_median,lowest_tier_by_median,tier,destination
mk_n_cohorts_skipped_small,0.9432684496527817,0.6239817081987689,-0.0004736582475783139,344,21.665697674418606,25.0,7.0,1042,22.190019193857964,25.0,7.0,848,22.130896226415093,25.0,7.0,0.33457818601203004,0.4451518020160181,0.8008350337130479,low,low,supplementary,A2_T9b
mk_n_cohorts_used,1.5178263493444168,0.46817497502911765,-0.00021612445121272215,344,36.48837209302326,39.0,9.0,1042,37.76103646833013,41.0,8.0,848,37.58844339622642,39.0,9.0,0.221134097032315,0.3237283844395672,0.7755464286236436,medium,low,supplementary,A2_T9b
mk_n_genes_null,48.84247940083766,2.4773670492574737e-11,0.02099618081615314,344,198.06976744186048,133.0,72.0,1042,201.9616122840691,133.0,72.0,848,254.24882075471697,286.0,154.0,0.2366421505080496,7.207287382963606e-08,5.91209715779647e-10,high,low,supplementary,A2_T9b
mk_n_genes_null_narrow_set,131.98383483770502,2.1881365210511666e-29,0.05826258845257957,344,0.0,0.0,0.0,1042,0.0,0.0,0.0,848,4.0,0.0,0.0,1.0,6.187098770707825e-09,1.6387953658732443e-23,low,low,supplementary,A2_T9b
mk_n_hk_genes_used_narrow_set,49.491801619825374,1.79057216319764e-11,0.02128722618548874,344,11.837209302325581,15.0,0.0,1042,11.822456813819578,15.0,0.0,848,10.390330188679245,11.0,4.0,0.8912923675960853,1.9098748801401e-06,5.457433315042626e-11,low,high,supplementary,A2_T9b
mk_n_panel_genes_used,48.84247940083766,2.4773670492574737e-11,0.02099618081615314,344,434.93023255813955,500.0,72.0,1042,431.0383877159309,500.0,72.0,848,378.751179245283,347.0,154.0,0.2366421505080496,7.207287382963606e-08,5.91209715779647e-10,low,high,supplementary,A2_T9b
mk_n_panel_genes_used_narrow_set,131.98383483770502,2.1881365210511666e-29,0.05826258845257957,344,56.0,56.0,0.0,1042,56.0,56.0,0.0,848,52.0,56.0,0.0,1.0,6.187098770707825e-09,1.6387953658732443e-23,low,low,supplementary,A2_T9b
mk_panel_coverage_frac,48.84247940083766,2.4773670492574737e-11,0.02099618081615314,344,0.6870935743414527,0.7898894154818326,0.11374407582938384,1042,0.6809453202463364,0.7898894154818326,0.11374407582938384,848,0.5983430951742228,0.5481832543443917,0.24328593996840436,0.2366421505080496,7.207287382963606e-08,5.91209715779647e-10,low,high,supplementary,A2_T9b
mk_panel_coverage_frac_narrow_set,131.98383483770502,2.1881365210511666e-29,0.05826258845257957,344,1.0,1.0,0.0,1042,1.0,1.0,0.0,848,0.9285714285714286,1.0,0.0,1.0,6.187098770707825e-09,1.6387953658732443e-23,low,low,supplementary,A2_T9b
mk_rho_frac_genes_above_0.9,348.79423933706414,1.8209300717922433e-76,0.1554434062470032,344,0.9389941112342585,1.0,0.0,1042,0.5235711407856058,0.4215610626966836,0.4215610626966836,848,0.748677499715061,0.7409326424870466,0.21247682119205297,1.4967469305723272e-58,8.110434947965565e-75,5.621749233860462e-12,low,medium,supplementary,A2_T9b
mk_rho_frac_genes_above_0.9_narrow_set,314.50032936266973,5.09473032155034e-69,0.14007186434902275,344,0.9387458471760798,1.0,0.0,1042,0.5454140389361118,0.6607142857142857,0.3392857142857143,848,0.8891082940585229,0.9107142857142856,0.08928571428571441,1.124410696270076e-52,2.5826199902363737e-47,8.864479920102886e-23,low,medium,supplementary,A2_T9b
mk_rho_marker_minus_PGK1_only_narrow_set,68.00564674208383,1.7090762568289253e-15,0.03071458666453412,344,0.011589818422286036,0.0,0.0001296875030403,1042,0.03783062901364486,0.0018740950990384,0.019505396456532747,766,0.006383495052933675,0.0015336201764622,0.00557298140953785,1.2181638397819905e-11,1.0493237835160997e-09,2.856998178101248e-07,medium,low,supplementary,A2_T9b
mk_rho_marker_minus_hk,139.33383024824036,5.546808729547732e-31,0.06291059562448025,344,0.010358483659959339,-1.6500817963116532e-06,8.856364120607418e-05,1042,0.051744564594341146,0.0093867697865792,0.02034681334314275,800,0.029031306008155545,0.030909061499175598,0.03198359920685545,5.527641900039722e-32,1.0555225551295238e-14,9.54497278198837e-07,high,low,supplementary,A2_T9b
mk_rho_marker_minus_hk_narrow_set,153.64983700747297,4.3187873553072605e-34,0.06946854649907144,344,0.012707858011492488,0.0,0.0001400423702608,1042,0.06450134649847693,0.01571364882239535,0.022676953299859602,800,0.06060944882813634,0.0596695906448309,0.0580519581432008,1.970682650705067e-24,3.7112879996711285e-38,0.16670250036662193,high,low,supplementary,A2_T9b
mk_rho_mean_PGK1_only_narrow_set,328.69581468416516,4.2131869370293147e-72,0.15202224973669853,344,0.9729663580109631,0.9986565059916118,0.0013434940083881797,1042,0.7205516746474515,0.8498419847382125,0.15015532243156993,766,0.9535962647196832,0.9509094373885438,0.04367504024876112,2.1475668452134157e-51,2.529876653084694e-53,1.053552638984073e-21,low,medium,supplementary,A2_T9b
mk_rho_mean_all_genes,340.91400410578734,9.364069031953693e-75,0.15191125240062184,344,0.981936844703325,0.9980706254621129,0.0019293745378871074,1042,0.7442218398709624,0.8787374236624574,0.12125875677941617,848,0.9260817048314463,0.920487432504414,0.05775536694771932,2.4078537051262256e-51,1.012769161414258e-83,4.208767495639551e-05,low,medium,supplementary,A2_T9b
mk_rho_mean_all_genes_narrow_set,359.12226881875785,1.0413342714160898e-78,0.16007273367044278,344,0.984349215389994,0.998129160976005,0.0018708390239949857,1042,0.7577067567144241,0.9079500516961951,0.09204605302971847,848,0.9587194257887367,0.9485915513821902,0.02441607068332724,4.962304528244687e-53,1.50046297499868e-82,4.038968407362246e-11,low,medium,supplementary,A2_T9b
mk_rho_mean_by_cohort_mean,344.7181353739275,1.397680794449391e-75,0.15361637623215038,344,0.9819599260404984,0.998085720587358,0.0019142794126419949,1042,0.7428852064745273,0.8777619108014809,0.12223428282644205,848,0.9259765105922676,0.9204094163800884,0.055441881863042664,1.513828678088897e-51,6.24238827755624e-85,2.0347012811191696e-05,low,medium,supplementary,A2_T9b
mk_rho_mean_by_cohort_mean_narrow_set,362.0291428981957,2.4342796896451565e-79,0.16137568036673944,344,0.984349215389994,0.998129160976005,0.0018708390239949857,1042,0.7571368580840478,0.9079500516961949,0.09204612385288391,848,0.957558239363305,0.9482157423497584,0.023962805183927627,4.225959206246011e-53,1.2617336723695413e-84,1.2360631758164106e-10,low,medium,supplementary,A2_T9b
mk_rho_mean_housekeeping,317.6536206728897,1.0529134964363687e-69,0.14459625317127334,344,0.9718483184217568,0.9983488480238962,0.0016511519761037707,1042,0.6938809571626194,0.8343570859763038,0.16564250248307816,800,0.8991562835005837,0.8805026652325232,0.08287760365141744,3.5487556935346655e-53,4.2988279208733194e-59,1.4394711136707923e-12,low,medium,supplementary,A2_T9b
mk_rho_mean_housekeeping_narrow_set,317.6536206728897,1.0529134964363687e-69,0.14459625317127334,344,0.9718483184217568,0.9983488480238962,0.0016511519761037707,1042,0.6938809571626194,0.8343570859763038,0.16564250248307816,800,0.8991562835005837,0.8805026652325232,0.08287760365141744,3.5487556935346655e-53,4.2988279208733194e-59,1.4394711136707923e-12,low,medium,supplementary,A2_T9b
mk_rho_mean_markers,340.063995235526,1.4323253805703997e-74,0.15153025335523354,344,0.9822068020817162,0.9980639224614002,0.001936077538599812,1042,0.7456255217569606,0.8801151419625046,0.11988094798538601,848,0.9268280778325121,0.9218930159444629,0.05755699132781528,3.685157718345271e-51,9.153822044813707e-84,5.802298309869104e-05,low,medium,supplementary,A2_T9b
mk_rho_mean_markers_narrow_set,357.90228548796256,1.916488316506971e-78,0.15952590116000115,344,0.9845561764332494,0.9981161306928437,0.0018838693071563384,1042,0.7583823036610963,0.907796206392384,0.09219987375088323,848,0.9588223568291225,0.9485915513821902,0.02376856754994583,8.067747662801254e-53,1.6589365419382393e-82,5.681875502564171e-11,low,medium,supplementary,A2_T9b
mk_rho_median_all_genes,301.0130347407519,4.3236448734554237e-66,0.13402646111194616,344,0.9839326509859782,0.9981723819400186,0.0018276180599814396,1042,0.7504650324502056,0.8907501111679341,0.10924988883206588,848,0.9459936975275101,0.9426622023096053,0.0484596371681108,5.7843916343032615e-46,5.032151768255549e-65,2.023325385361415e-11,low,medium,supplementary,A2_T9b
mk_rho_median_all_genes_narrow_set,319.31905720666003,4.578758567500741e-70,0.1422317602898521,344,0.9853096374637993,0.9982192298901886,0.0017807701098113693,1042,0.7616919486227851,0.9122253807024077,0.08777197727549213,848,0.9675711217976398,0.961611846983748,0.027735758770771446,5.226109883204632e-49,1.6284219134437146e-59,1.915918910056276e-17,low,medium,supplementary,A2_T9b
mk_rho_min_all_genes,385.0112805937538,2.4880705102872116e-84,0.17167695230558216,344,0.9447338264095677,0.9947671285933405,0.005232871406659512,1042,0.5210811212979563,0.6697402509685582,0.3301774875561302,848,0.6518170335501505,0.6581584368905461,0.21215796851642055,3.086868295224622e-54,1.7365844560110042e-101,0.5576110348738459,low,high,supplementary,A2_T9b
mk_rho_min_all_genes_narrow_set,326.92046388940844,1.0235834511519538e-71,0.14563893495715305,344,0.9639381640131568,0.9967015148959997,0.003298485104000326,1042,0.6153394773481334,0.8049329837003187,0.19505516099253684,848,0.8706723739415811,0.8481868128244618,0.0801702409325542,4.528180778124052e-49,5.237087734573641e-80,1.1868014100710961e-05,low,medium,supplementary,A2_T9b
mk_rho_p10_all_genes,318.6529683520608,6.388326455583269e-70,0.14193319961992865,344,0.9686880778227374,0.9969076109171824,0.003092389082817615,1042,0.6587995162562856,0.7956425403010943,0.20434905608988163,848,0.8466820012107733,0.8372550627074025,0.11256780354916474,6.861647173043863e-48,1.1568117236577388e-80,0.003302612199685474,low,medium,supplementary,A2_T9b
mk_rho_p10_all_genes_narrow_set,326.9921480786697,9.875457671916983e-72,0.14567106592499762,344,0.9750816568167987,0.9972499802594788,0.002750019740521248,1042,0.6866437134882603,0.8596791375252104,0.1403132359310444,848,0.9250606440091166,0.9074767945582066,0.04622492158946068,4.4281848537331195e-49,5.664037276725005e-75,7.916829267356353e-10,low,medium,supplementary,A2_T9b
pv_lobo2_auc_macro_mean,1.480738201892421,0.4769378448192957,-0.00023918092957511705,333,0.8883251589580649,0.9005580035592714,0.0346765791406386,1016,0.8793054085068019,0.9042559732597919,0.03681329861660948,825,0.8854733867671635,0.9039710966107082,0.043107189094781395,0.9107560934292852,0.5548848692547306,0.21601485161928446,medium,low,supplementary,A2_T9b
pv_lobo2_auc_macro_perm_mean,1.8184408316360177,0.40283814790070255,-8.141666742779478e-05,344,0.49934303494826693,0.4995405725578064,0.0015801258187762013,1042,0.49954942493157684,0.49968332886169387,0.0015409924972123734,847,0.49949037415896275,0.499606495140531,0.001528922867657212,0.20284544863966414,0.5421321303295423,0.394620318271243,medium,low,supplementary,A2_T9b
pv_lobo2_bal_acc_mean,24.136502268772677,5.738853338582379e-06,0.009926682631736626,344,0.6876371917461395,0.6781860185421327,0.0909340101680966,1042,0.7234881579644586,0.7361549745213176,0.09063133174791738,847,0.7134877352741856,0.714898481179632,0.07788571573905767,2.731882074430771e-06,0.0006145498189845827,0.024506182669508183,medium,low,supplementary,A2_T9b
pv_lobo2_f1_macro_delta,34.46664365940551,3.27841119820445e-08,0.014559033031123549,344,0.24437755843630213,0.2191198828020786,0.13676600842561168,1042,0.2956448639411609,0.3112109344713592,0.1057435133710532,847,0.2921186988624378,0.3165730193864757,0.1056380154526928,3.099647567646161e-08,1.509670959415575e-07,0.3285012677279199,high,low,supplementary,A2_T9b
pv_lobo2_f1_macro_mean,32.62309977069507,8.241075511175106e-08,0.0137323317357377,344,0.6671846710600771,0.6540235817014795,0.10166944366090624,1042,0.7113740880554766,0.7148925290721373,0.08421533613070165,847,0.7048010780924681,0.7054662861937866,0.07259642545512701,3.8914062207101515e-08,1.495978950718929e-06,0.17349392418344023,medium,low,supplementary,A2_T9b
pv_lobo2_f1_macro_median,27.91796371012814,8.663456664635817e-07,0.011622405251178539,344,0.7488836364785937,0.7835565768049758,0.06900706176313842,1042,0.791157909452866,0.80703859053531,0.09296055161839878,847,0.7789664295011653,0.801418439716312,0.06654766197860329,2.389718965044443e-06,0.005046807549984082,0.000574739393851974,medium,low,supplementary,A2_T9b
pv_lobo2_f1_macro_min,24.230713115941022,5.4747904445047835e-06,0.009968929648404045,344,0.16509833624860185,0.0,0.0,1042,0.21126550942242026,0.125,0.125,847,0.2188165347107237,0.1536906541390846,0.1536906541390846,8.19395475264352e-05,6.935648027199996e-07,0.15842201077834683,high,low,supplementary,A2_T9b
pv_lobo2_f1_macro_perm_mean,16.453643639100054,0.0002673847783530485,0.0064814545466816385,344,0.4228071126237748,0.4413074870616346,0.03480789184278704,1042,0.4157292241143157,0.41029827705254407,0.027086086124997022,847,0.4126823792300302,0.3927807217206373,0.024016049151908303,0.045421790000109735,0.0046857580682331985,0.0004603514288895422,low,high,supplementary,A2_T9b
pv_lobo2_f1_macro_perm_std,5.172298111283282,0.07530949506525587,0.0014225552068534897,344,0.03154558496920281,0.029623341411033448,0.005374895243831251,1042,0.029964072927850593,0.02818867259885425,0.004114061217019299,847,0.03078073443231074,0.0283312829398112,0.0047892370467415984,0.14004857858931585,0.02712993765829976,0.2303886432850255,low,medium,supplementary,A2_T9b
pv_lobo2_f1_macro_std,47.53231753865314,4.769670636707264e-11,0.020418079613745803,344,0.2720955348662319,0.2906394560812673,0.0628351765147646,1042,0.25168767258482333,0.2630547642686091,0.06164172545023447,847,0.2383243152138014,0.2449333063869321,0.06244185513045172,5.705350653309067e-06,2.5469477789402006e-11,0.0003034299445104582,low,high,supplementary,A2_T9b
pv_lobo2_f1_per_class_DLBCL,0.13813337066872025,0.9332644429516486,-0.0008349177710005738,344,0.8077303224566478,0.8005090858220717,0.04839854514260822,1042,0.7998429168762138,0.8124543928779918,0.06712737605545172,847,0.8052361440451833,0.8115675690589065,0.04724548015244223,0.8241249422884158,0.6709622013914597,0.7885513993885146,medium,low,supplementary,A2_T9b
pv_lobo2_f1_per_class_FL,54.48222224957688,1.476847858508077e-12,0.024174215683821686,333,0.5574557460080563,0.5451091330889215,0.12131095045449425,1016,0.6309592223788909,0.6474154535315594,0.10512036659745427,825,0.6198941425103098,0.6423800582503231,0.0869060146676165,1.1812472366264388e-12,1.897516144756477e-10,0.17555147025491113,medium,low,supplementary,A2_T9b
pv_lobo2_f1_perm_pvalue,14.973005264145044,0.0005606001609825154,0.005817491149840827,344,0.0489005295878425,0.0099009900990099,0.0,1042,0.027365500465593582,0.0099009900990099,0.0,847,0.017768010567290493,0.0099009900990099,0.0,0.0020845013899124694,0.0002062772877418249,0.3624405669751999,low,low,supplementary,A2_T9b
pv_lobo2_f1_weighted_mean,32.02577052888661,1.110944313473337e-07,0.013464471089186822,344,0.7138546535430078,0.7132190918222443,0.1092009579942923,1042,0.7594565482945179,0.767012556309483,0.09251505258146203,847,0.7497073754587408,0.7522311136612944,0.07447209281990996,6.266007613138387e-08,1.1869358351207355e-05,0.03625523293303304,medium,low,supplementary,A2_T9b
pv_lobo2_mcc_mean,1.270022748658683,0.5299294606910749,-0.00032734405889745156,344,0.307772369500533,0.32362850331834814,0.08976995163474788,1042,0.3151407331511534,0.3313464046075797,0.0921745781398151,847,0.31845925745008585,0.3389182555700847,0.07829388295599632,0.3552368980494126,0.265164726732828,0.7633354052865601,high,low,supplementary,A2_T9b
pv_lobo2_n_folds,1.6937990020557132,0.4287421880207031,-0.00013730986454900753,344,10.938953488372093,12.0,3.0,1042,11.283109404990403,12.0,3.0,847,11.22668240850059,12.0,3.0,0.20589666613224844,0.25390978183186286,0.9354179009244251,low,low,supplementary,A2_T9b
pv_lobo2_n_folds_multiclass,2.2479282657141004,0.3249889384217367,0.00011117859449062799,344,6.377906976744186,7.0,2.0,1042,6.577735124760077,7.5,1.5,847,6.5076741440377806,7.0,2.0,0.15101357119336742,0.46088901849877784,0.368898805901998,medium,low,supplementary,A2_T9b
pv_lobo3_auc_macro_mean,0.7167853796988615,0.6987986099992984,-0.0005910707601571343,333,0.878101353442546,0.8831986614267394,0.03196805020605342,1016,0.8738703847816445,0.8876415638968469,0.04144794818067071,825,0.876811401513178,0.890323599128515,0.03407930081044641,0.42625516567906907,0.5130894116677608,0.7313099517187551,high,low,supplementary,A2_T9b
pv_lobo3_auc_macro_perm_mean,1.6174807696670899,0.4454187692509586,-0.00017153328714480275,344,0.4996546054485393,0.4998712163179266,0.001037623809190369,1042,0.4996868850399152,0.4998450714370448,0.0010552369906509373,847,0.4996548430438459,0.4997719983912834,0.0011558997028781048,0.9693276090684968,0.4060930558783803,0.22450899999969887,low,high,supplementary,A2_T9b
pv_lobo3_bal_acc_mean,43.74973406679583,3.161301773923876e-10,0.01872185384161248,344,0.6312352347856842,0.609843836735473,0.1562756168429418,1042,0.6965681038203686,0.724699239301632,0.13110160594439296,847,0.6757122206468272,0.7229608776132407,0.10420792608363594,1.240934869008423e-10,1.568662980180782e-05,0.0019533877199388763,medium,low,supplementary,A2_T9b
pv_lobo3_f1_macro_delta,39.73777882380506,2.349908579464643e-09,0.016922770773006753,344,0.36663649276523375,0.37126242603887766,0.19852450566843877,1042,0.44153486312650375,0.4683288228112369,0.1490663718002447,847,0.42456792730168136,0.491930072093074,0.11468629210494624,5.614613237631504e-10,4.07560312103615e-06,0.020349722646303064,high,low,supplementary,A2_T9b
pv_lobo3_f1_macro_mean,51.63493868721218,6.132188937881345e-12,0.0222578200391086,344,0.6279935936696168,0.6307887288537821,0.15900709981972444,1042,0.6957377138857057,0.7124577520578218,0.12965449804159956,847,0.6756262222255266,0.714516624157022,0.09605053245033279,2.7283725852906837e-12,6.601199362127593e-07,0.001925071802222248,high,low,supplementary,A2_T9b
pv_lobo3_f1_macro_median,58.155532888984105,2.353349810474384e-13,0.025181853313445787,344,0.6703937585712083,0.6573215837328741,0.20177990465923212,1042,0.7607656720515908,0.7988246867557212,0.162861136999068,847,0.7331579119963446,0.8042328042328042,0.10737880737880745,6.80584519936841e-13,3.059318623734935e-05,7.902647487489968e-06,high,low,supplementary,A2_T9b
pv_lobo3_f1_macro_min,23.05985207538802,9.831431215653022e-06,0.00944387985443409,344,0.16610715658535605,0.0,0.0,1042,0.20899986359547856,0.10012900344998775,0.10012900344998775,847,0.16825085979756368,0.0952380952380952,0.0952380952380952,5.125916372618049e-06,0.0031196526317242277,0.00989575143123056,medium,low,supplementary,A2_T9b
pv_lobo3_f1_macro_perm_mean,8.472963610690421,0.014458369826762333,0.002902674264883597,344,0.26135710090438297,0.26097090588124394,0.03492796444673965,1042,0.25420285075920185,0.2423459343410449,0.02892184755226175,847,0.2510582949238452,0.2368402160642195,0.037964222703476214,0.05223108544280564,0.024022848182364567,0.03533980656741874,low,high,supplementary,A2_T9b
pv_lobo3_f1_macro_perm_std,9.613114811474974,0.008175957810177128,0.0034139528302578356,344,0.027128799892981767,0.02422858239743175,0.005256168601043299,1042,0.025717017208870038,0.022837548500842998,0.0036483069219292973,847,0.026436269804763653,0.0221374776940057,0.003928615693827599,0.09061127414763524,0.006866584053934943,0.029635639022662356,low,high,supplementary,A2_T9b
pv_lobo3_f1_macro_std,10.4208876536641,0.005459250188157135,0.003776182804333677,344,0.25228780290766206,0.2658693172804645,0.05846886711490598,1042,0.244176408049381,0.252525224499515,0.05658566915330507,847,0.24058906715223857,0.2425690953844049,0.04732443028681982,0.0353595565983185,0.0010245759977932215,0.131614386762075,low,high,supplementary,A2_T9b
pv_lobo3_f1_per_class_DLBCL,7.094293707651114,0.028806712276900234,0.0022844366402022935,344,0.7259268493076235,0.7348263581055324,0.0645343535953603,1042,0.7386775581350667,0.7510763081425846,0.08818681092228536,847,0.7298893583082615,0.7450964737063147,0.06308091178164354,0.018821635087422666,0.1067712056045095,0.09551474278093389,medium,low,supplementary,A2_T9b
pv_lobo3_f1_per_class_FL,39.35597166436327,2.8441948002619774e-09,0.01720680408307843,333,0.5379271730476018,0.5157290112836885,0.09970813194219086,1016,0.5926291200770881,0.5853919283584914,0.0974868824234939,825,0.577793384123275,0.585571008135851,0.07670879036723244,1.5785215635440303e-09,6.599143427072418e-08,0.2278739154487628,high,low,supplementary,A2_T9b
pv_lobo3_f1_per_class_Normal_B,23.224778720961204,9.05322635490156e-06,0.010591206946587427,309,0.6006340997896906,0.5545758056408161,0.2677639363060903,938,0.6859769324330367,0.8083764277579337,0.13944085755416086,760,0.6759145777997344,0.8241231100455826,0.10855223425379423,1.3371288979316335e-06,0.00018428760781502793,0.22447116993228122,high,low,supplementary,A2_T9b
pv_lobo3_f1_perm_pvalue,1.0456957924928727,0.5928298237794589,-0.00042793910650543827,344,0.019226341238775035,0.0099009900990099,0.0,1042,0.02019155850325915,0.0099009900990099,0.0,847,0.018235589792745505,0.0099009900990099,0.0,0.5159394485014082,0.9294062366081748,0.3260943276092846,low,low,supplementary,A2_T9b
pv_lobo3_f1_weighted_mean,51.726599294514145,5.857491666374691e-12,0.022298923450454772,344,0.6611551411837716,0.661970097666339,0.17095396118743303,1042,0.7338748620856443,0.758814687909185,0.13992313191213546,847,0.7114049028457531,0.7520546968006876,0.10145579834906637,4.001182656950206e-12,3.1921973891893227e-06,0.00047901787208485684,medium,low,supplementary,A2_T9b
pv_lobo3_mcc_mean,2.2120521690516695,0.33087120617890275,9.509065876756478e-05,344,0.2586918087244348,0.26547012213889043,0.0583503429084614,1042,0.2688134542020158,0.2718469715222275,0.06787667942247945,847,0.26271671867201596,0.2755106169587688,0.06007286108539134,0.1558779412696156,0.2072346060929684,0.7081799538264656,high,low,supplementary,A2_T9b
pv_lobo3_n_folds,0.8447397550283228,0.6554915429667523,-0.000518053921511963,344,14.363372093023257,16.0,3.0,1042,14.77831094049904,16.5,2.5,847,14.646989374262102,16.0,3.0,0.3629030867663885,0.5610690340565031,0.6734000351293323,medium,low,supplementary,A2_T9b
pv_lobo3_n_folds_multiclass,2.100828793384593,0.3497927661077273,4.521470555362917e-05,344,7.5726744186046515,9.0,2.0,1042,7.805182341650672,9.0,2.0,847,7.759149940968123,9.0,2.0,0.150478966543087,0.22783245628998428,0.8256119328711798,low,low,supplementary,A2_T9b
pv_n_genes_dropped_na,54.61537067777173,1.3817292259752582e-12,0.023594336626803467,344,186.3343023255814,0.0,0.0,1042,79.66698656429942,0.0,0.0,847,465.4486422668241,0.0,0.0,2.34361713717846e-13,0.008526964557598306,5.392031531202363e-07,low,low,supplementary,A2_T9b
pv_n_samples_dropped_na,56.043858624292874,6.764422531460906e-13,0.02423491418129725,344,0.0,0.0,0.0,1042,0.09213051823416507,0.0,0.0,847,0.0,0.0,0.0,5.125543593617976e-05,1.0,2.524848056390955e-10,low,low,supplementary,A2_T9b
xb_n_pairs_diff_bio,2.875555548579118,0.23745485108121175,0.00039262580653772107,344,5582625.290697674,6563813.0,2668718.5,1042,5963153.784069098,6717573.0,3031369.0,847,5887577.834710744,6717573.0,3031369.0,0.0919398086124871,0.18603123830185364,0.645554986742392,medium,low,supplementary,A2_T9b
xb_n_pairs_same_bio,2.5540672886785236,0.2788632824458,0.00024846066756884465,344,4022023.052325581,4382443.0,2400281.0,1042,4338048.035508637,4386611.0,2374580.0,847,4299246.400236128,4386611.0,2374580.0,0.11395849403092898,0.20336680980187916,0.6846953548564664,medium,low,supplementary,A2_T9b
xb_n_panel_genes_used,48.66486009819137,2.7074465922350397e-11,0.020925946232372813,344,386.78197674418607,452.0,51.0,1042,384.55854126679463,452.0,51.0,847,338.2219598583235,319.0,141.0,0.27222797519776865,1.0795251933512318e-07,4.70805674064084e-10,low,high,supplementary,A2_T9b
xb_n_samples_used,2.9418884258589326,0.2297084890322058,0.00042237149141656174,344,4481.5058139534885,5108.0,1177.0,1042,4661.424184261036,5108.0,1177.0,847,4627.107438016529,5108.0,1381.0,0.08882023897219139,0.17275133068919468,0.6716189755875199,low,low,supplementary,A2_T9b
xb_rank_agree,287.13079959727014,4.4703247633956234e-63,0.12786134511088348,344,0.651245704847934,0.6906403305521649,0.07185620477957116,1042,0.7044455346727186,0.7011858557318409,0.10683878822887727,847,0.4772673370623765,0.5068228121204665,0.1885072326631272,9.409092804902829e-06,2.2306480833844822e-20,4.504802662295363e-61,medium,high,supplementary,A2_T9b
xb_rank_agree_B_cells,107.85001326205008,3.807739099640414e-24,0.06100865317697411,265,0.73425906220357,0.7796531277784481,0.08336786943986918,813,0.7685021456540785,0.8306008255851115,0.06125244496507809,660,0.5697188526369037,0.7053692107936385,0.16962090387758333,3.0768239251720487e-06,1.791903643166611e-05,1.1719349160395492e-23,medium,high,supplementary,A2_T9b
xb_rank_agree_Bone_marrow_CD19+,190.56113410026495,4.1703787357921544e-42,0.10811991634189504,271,0.5259589327096909,0.6247885947521115,0.06109039342044109,817,0.6807720413514509,0.6980290228044209,0.08616814282382002,659,0.5095102228249454,0.6614354918282047,0.05759459062846295,2.1081015967002365e-28,0.02739806253733639,1.2334532831246375e-30,medium,low,supplementary,A2_T9b
xb_rank_agree_Burkitt_Lymphoma,22.746025720704196,1.150173274632061e-05,0.04693670977534886,57,0.5062634147878393,0.3552307600570149,0.09052069948176045,215,0.5838948153863275,0.6511369999939611,0.22378236224965375,173,0.4049090115253474,0.3437778547450861,0.07906779416983162,0.0452759941126453,0.32566360090000723,1.8919888687749417e-06,medium,high,supplementary,A2_T9b
xb_rank_agree_Centroblast,127.5853162417134,1.973333970224351e-28,0.07246700302464709,265,0.7137793636194248,0.7794225838864887,0.05676383052773859,807,0.8132573804462384,0.8399864805444969,0.06056389665800832,664,0.6681688490523605,0.8027471036537746,0.047867686961387546,6.768871524489249e-20,0.013339741148654088,1.868767068857638e-20,medium,low,supplementary,A2_T9b
xb_rank_agree_Centrocyte,148.27473561910793,6.346733424776596e-33,0.08455187030006239,266,0.652867699917498,0.7380695679864453,0.06586732176816512,808,0.781800615207447,0.8208596382066878,0.06559230550337458,659,0.6272434373983095,0.7781853825788917,0.05371952849837003,2.1000713357224304e-23,0.0013918691118106313,1.1338537304830293e-22,medium,low,supplementary,A2_T9b
xb_rank_agree_Diffuse_Large_B_Cell_Lymphoma,291.15770002585293,5.969098665436464e-64,0.1296671300564363,344,0.6466349517767009,0.6770808282414853,0.07506025565822122,1042,0.698308983717102,0.6963981752242073,0.10851565488306414,847,0.47043483618218795,0.4937448034180736,0.19161295655351218,4.90178566393844e-05,2.139670905844425e-21,6.1626264995742786e-62,medium,high,supplementary,A2_T9b
xb_rank_agree_Follicular_Lymphoma,247.06728501519726,2.2388279987081223e-54,0.11288221327277626,333,0.6645012519911022,0.6873849688668078,0.06576255272075082,1016,0.725595556209411,0.7215740419085508,0.1132634760216576,825,0.5045730389294285,0.563923672453094,0.19412152544989414,3.043461563650879e-09,7.282724412684208e-12,1.6703347235733369e-53,medium,high,supplementary,A2_T9b
xb_rank_agree_GC,96.04847622817289,1.3910360633209515e-21,0.0535583577609185,272,0.7072765580810144,0.8199150857882109,0.036180517779953125,822,0.7843165221275594,0.8344709585349118,0.0597427349906231,665,0.6350810586528276,0.8081973623251404,0.0756571213920123,1.548015391517514e-08,0.06418478056416049,6.553765010163711e-21,medium,high,supplementary,A2_T9b
xb_rank_agree_Immature,173.31293978213913,2.3204558250737713e-38,0.10856333319527194,236,0.6377990634367778,0.7759856162770962,0.047351330451560314,750,0.7666021667887044,0.8183292002353066,0.09197240768744375,595,0.5887993489467537,0.7772412488002707,0.05524953207069283,2.8952710742908854e-19,0.6130036664237836,2.7128548843478075e-33,medium,low,supplementary,A2_T9b
xb_rank_agree_MZ,188.84154642840403,9.853243512096308e-42,0.118179346254525,236,0.6943637909547377,0.777157182211562,0.05686155514272284,748,0.8050614361911561,0.8393446652340826,0.06870177006783196,600,0.6068809452317862,0.7920706539195119,0.060319458318408126,4.503124260475889e-23,0.8825639727246767,1.3054779669740096e-34,medium,low,supplementary,A2_T9b
xb_rank_agree_Memory,147.52564155701762,9.230260675309742e-33,0.08287337218508976,272,0.6245383345470992,0.6895502918412446,0.07987832593086541,822,0.7439033010109309,0.7740516542785536,0.08053647084202242,665,0.5737687801082931,0.7320016757172305,0.07165364633999949,2.6784116976874603e-22,0.07240227609724895,3.2370398656009903e-24,medium,low,supplementary,A2_T9b
xb_rank_agree_Naive,143.7617817107698,6.060741306618136e-32,0.08072994402663429,272,0.6648270851118608,0.7334331671632268,0.043517060076045944,822,0.759224804919011,0.7764123618532314,0.08403024373336437,665,0.5872277985221082,0.7473453110584962,0.06817433960745356,5.477447360734727e-18,0.9934187116704042,7.180432177392574e-27,medium,low,supplementary,A2_T9b
xb_rank_agree_Plasma,136.00154859426138,2.9352085080762296e-30,0.07631067687600307,272,0.5585001259850235,0.5540635063830202,0.13059588453651494,822,0.6931029939605036,0.6991475710389817,0.09522673560728584,665,0.5450440741588658,0.6800120878137749,0.07374186349785938,3.519496694473241e-23,0.0026698103494960726,9.04899508234151e-20,medium,low,supplementary,A2_T9b
xb_rank_agree_Plasmablast,123.01815208540265,1.936188729091337e-27,0.13720878921247465,130,0.541260065087547,0.5897611372012881,0.10317986685793734,410,0.7551873848893221,0.7879601160151628,0.12101052800171097,345,0.5419181719464063,0.670359269229087,0.09960800196783792,3.3511145215582156e-17,0.032798725758941986,1.8335799634364054e-21,medium,low,supplementary,A2_T9b
xb_rank_agree_median,316.94612771837285,1.499763692557541e-69,0.1412314474073421,344,0.6704829649040219,0.710983106299746,0.07556161271015732,1042,0.7216291455428948,0.7199525074244875,0.09910094360401123,847,0.4881633219364839,0.6000149495435863,0.181149920146092,1.9523884990303357e-06,5.1480302062121385e-21,7.72177647269574e-68,medium,high,supplementary,A2_T9b
xb_rank_agree_ratio,132.8760097831537,1.40068696456882e-29,0.0586887936247326,344,0.07492792453750252,0.053594615815801494,0.026300025028425093,1042,0.06511051096787383,0.0450822176761159,0.0439997215521333,847,0.03904812274769164,0.0301371608727303,0.0217670710202807,1.9159168836732206e-06,2.0807736876464903e-30,2.4510613025600204e-14,low,high,supplementary,A2_T9b
xb_rank_disagree_diffbio,215.074399865893,1.982382566614946e-47,0.09554905823582646,344,0.5763177803104315,0.5857687601506849,0.09748731579743752,1042,0.6393350237048446,0.6139579065260051,0.1380762411304212,847,0.43821921431468475,0.4652710115794149,0.18847574708462328,9.681029602318226e-05,9.599032466492044e-14,3.206826143016806e-47,medium,high,supplementary,A2_T9b
xb_rank_disagree_diffbio_median,252.0264984944063,1.8756042374279677e-55,0.11211950605130327,344,0.6142637806683169,0.6623506149213572,0.09121210828940723,1042,0.6601484951084127,0.6318208093216634,0.12355338262708077,847,0.44657146664897857,0.5183541303808095,0.18982205583525702,0.00533637613756525,2.1044119718710753e-19,2.2038666024259505e-54,low,high,supplementary,A2_T9b
mk_n_cohorts_skipped_small_delta,16.496619437996635,0.0002617005311023324,0.006497812388165233,344,-0.5087209302325582,0.0,0.0,1042,-0.4165067178502879,0.0,0.0,848,-0.36910377358490565,0.0,0.0,0.018767737171508765,5.3641482405599845e-05,0.020285672068342225,low,low,supplementary,A2_T9b
mk_n_cohorts_used_delta,0.6147017682334033,0.7353925180771839,-0.0006209315247721187,344,-1.2790697674418605,0.0,0.0,1042,-1.0191938579654511,-1.0,1.0,848,-0.9775943396226415,-1.0,1.0,0.6999633503669971,0.4849177288245242,0.5758998086889618,low,medium,supplementary,A2_T9b
mk_n_genes_null_delta,209.06291668709758,4.0046489917787365e-46,0.09281170626942967,344,2.104651162790698,0.0,0.0,1042,3.9136276391554703,0.0,0.0,848,55.6875,0.0,0.0,4.99541450409045e-05,1.437753903280294e-26,9.145101946915142e-33,low,low,supplementary,A2_T9b
mk_n_genes_null_narrow_set_delta,131.98383483770502,2.1881365210511666e-29,0.05826258845257957,344,0.0,0.0,0.0,1042,0.0,0.0,0.0,848,4.0,0.0,0.0,1.0,6.187098770707825e-09,1.6387953658732443e-23,low,low,supplementary,A2_T9b
mk_n_hk_genes_used_narrow_set_delta,284.7173596410318,1.4942074688600807e-62,0.12672225891574712,344,-0.023255813953488372,0.0,0.0,1042,-0.030710172744721688,0.0,0.0,848,-1.4410377358490567,0.0,0.0,0.7237508404353579,3.480782729764542e-19,1.8033375498287925e-49,low,low,supplementary,A2_T9b
mk_n_panel_genes_used_delta,209.06291668709758,4.0046489917787365e-46,0.09281170626942967,344,-2.104651162790698,0.0,0.0,1042,-3.9136276391554703,0.0,0.0,848,-55.6875,0.0,0.0,4.99541450409045e-05,1.437753903280294e-26,9.145101946915142e-33,low,low,supplementary,A2_T9b
mk_n_panel_genes_used_narrow_set_delta,131.98383483770502,2.1881365210511666e-29,0.05826258845257957,344,0.0,0.0,0.0,1042,0.0,0.0,0.0,848,-4.0,0.0,0.0,1.0,6.187098770707825e-09,1.6387953658732443e-23,low,low,supplementary,A2_T9b
mk_panel_coverage_frac_delta,208.9726271062711,4.189580981803979e-46,0.09277123581634741,344,-0.0033248833535398066,0.0,0.0,1042,-0.00618266609661212,0.0,0.0,848,-0.0879739336492891,0.0,0.0,5.029330528232538e-05,1.476299803552253e-26,9.416164076166201e-33,low,low,supplementary,A2_T9b
mk_panel_coverage_frac_narrow_set_delta,131.98383483770502,2.1881365210511666e-29,0.05826258845257957,344,0.0,0.0,0.0,1042,0.0,0.0,0.0,848,-0.07142857142857142,0.0,0.0,1.0,6.187098770707825e-09,1.6387953658732443e-23,low,low,supplementary,A2_T9b
mk_rho_frac_genes_above_0.9_delta,348.79423933706414,1.8209300717922433e-76,0.1554434062470032,344,-0.0610058887657415,0.0,0.0,1042,-0.47642885921439426,-0.5784389373033164,0.4215610626966836,848,-0.25132250028493897,-0.2590673575129534,0.21247682119205297,1.4967469305723272e-58,8.110434947965565e-75,5.621749233860462e-12,low,medium,supplementary,A2_T9b
mk_rho_frac_genes_above_0.9_narrow_set_delta,314.50032936266973,5.09473032155034e-69,0.14007186434902275,344,-0.06125415282392026,0.0,0.0,1042,-0.45458596106388816,-0.3392857142857143,0.3392857142857143,848,-0.11089170594147703,-0.08928571428571441,0.08928571428571441,1.124410696270076e-52,2.5826199902363737e-47,8.864479920102886e-23,low,medium,supplementary,A2_T9b
mk_rho_marker_minus_PGK1_only_narrow_set_delta,68.00564674208383,1.7090762568289253e-15,0.03071458666453412,344,0.011589818422286036,0.0,0.0001296875030403,1042,0.03783062901364486,0.0018740950990384,0.019505396456532747,766,0.006383495052933675,0.0015336201764622,0.00557298140953785,1.2181638397819905e-11,1.0493237835160997e-09,2.856998178101248e-07,medium,low,supplementary,A2_T9b
mk_rho_marker_minus_hk_delta,139.33383024824036,5.546808729547732e-31,0.06291059562448025,344,0.010358483659959339,-1.6500817963116532e-06,8.856364120607418e-05,1042,0.051744564594341146,0.0093867697865792,0.02034681334314275,800,0.029031306008155545,0.030909061499175598,0.03198359920685545,5.527641900039722e-32,1.0555225551295238e-14,9.54497278198837e-07,high,low,supplementary,A2_T9b
mk_rho_marker_minus_hk_narrow_set_delta,153.64983700747297,4.3187873553072605e-34,0.06946854649907144,344,0.012707858011492488,0.0,0.0001400423702608,1042,0.06450134649847693,0.01571364882239535,0.022676953299859602,800,0.06060944882813634,0.0596695906448309,0.0580519581432008,1.970682650705067e-24,3.7112879996711285e-38,0.16670250036662193,high,low,supplementary,A2_T9b
mk_rho_mean_PGK1_only_narrow_set_delta,328.69581468416516,4.2131869370293147e-72,0.15202224973669853,344,-0.02703364198903676,-0.0013434940083881797,0.0013434940083881797,1042,-0.27944832535254854,-0.15015801526178751,0.15015532243156993,766,-0.04640373528031679,-0.04909056261145617,0.04367504024876112,2.1475668452134157e-51,2.529876653084694e-53,1.053552638984073e-21,low,medium,supplementary,A2_T9b
mk_rho_mean_all_genes_delta,340.91400410578734,9.364069031953693e-75,0.15191125240062184,344,-0.01806315529667506,-0.0019293745378871074,0.0019293745378871074,1042,-0.25577816012903765,-0.12126257633754262,0.12125875677941622,848,-0.07391829516855379,-0.079512567495586,0.05775536694771932,2.4078537051262256e-51,1.012769161414258e-83,4.208767495639551e-05,low,medium,supplementary,A2_T9b
mk_rho_mean_all_genes_narrow_set_delta,359.12226881875785,1.0413342714160898e-78,0.16007273367044278,344,-0.01565078461000583,-0.0018708390239949857,0.0018708390239949857,1042,-0.2422932432855759,-0.09204994830380481,0.09204605302971841,848,-0.041280574211263354,-0.0514084486178098,0.02441607068332724,4.962304528244687e-53,1.50046297499868e-82,4.038968407362246e-11,low,medium,supplementary,A2_T9b
mk_rho_mean_by_cohort_mean_delta,344.7181353739275,1.397680794449391e-75,0.15361637623215038,344,-0.018040073959501593,-0.0019142794126419949,0.0019142794126419949,1042,-0.2571147935254727,-0.12223808919851908,0.12223428282644205,848,-0.07402348940773246,-0.07959058361991161,0.05544188186304272,1.513828678088897e-51,6.24238827755624e-85,2.0347012811191696e-05,low,medium,supplementary,A2_T9b
mk_rho_mean_by_cohort_mean_narrow_set_delta,362.0291428981957,2.4342796896451565e-79,0.16137568036673944,344,-0.01565078461000583,-0.0018708390239949857,0.0018708390239949857,1042,-0.24286314191595226,-0.09204994830380503,0.09204612385288385,848,-0.04244176063669515,-0.051784257650241694,0.023962805183927682,4.225959206246011e-53,1.2617336723695413e-84,1.2360631758164106e-10,low,medium,supplementary,A2_T9b
mk_rho_mean_housekeeping_delta,317.6536206728897,1.0529134964363687e-69,0.14459625317127334,344,-0.02815168157824323,-0.0016511519761037707,0.0016511519761037707,1042,-0.30611904283738056,-0.16564291402369624,0.16564250248307816,800,-0.10084371649941634,-0.11949733476747676,0.0828776036514175,3.5487556935346655e-53,4.2988279208733194e-59,1.4394711136707923e-12,low,medium,supplementary,A2_T9b
mk_rho_mean_housekeeping_narrow_set_delta,317.6536206728897,1.0529134964363687e-69,0.14459625317127334,344,-0.02815168157824323,-0.0016511519761037707,0.0016511519761037707,1042,-0.30611904283738056,-0.16564291402369624,0.16564250248307816,800,-0.10084371649941634,-0.11949733476747676,0.0828776036514175,3.5487556935346655e-53,4.2988279208733194e-59,1.4394711136707923e-12,low,medium,supplementary,A2_T9b
mk_rho_mean_markers_delta,340.063995235526,1.4323253805703997e-74,0.15153025335523354,344,-0.017793197918283897,-0.001936077538599812,0.001936077538599812,1042,-0.2543744782430395,-0.11988485803749532,0.11988094798538595,848,-0.07317192216748782,-0.07810698405553701,0.05755699132781528,3.685157718345271e-51,9.153822044813707e-84,5.802298309869104e-05,low,medium,supplementary,A2_T9b
mk_rho_mean_markers_narrow_set_delta,357.90228548796256,1.916488316506971e-78,0.15952590116000115,344,-0.015443823566750722,-0.0018838693071563939,0.0018838693071563939,1042,-0.2416176963389037,-0.09220379360761599,0.09219987375088323,848,-0.04117764317087752,-0.0514084486178098,0.02376856754994583,8.067747662801254e-53,1.6589365419382393e-82,5.681875502564171e-11,low,medium,supplementary,A2_T9b
mk_rho_median_all_genes_delta,301.0130347407519,4.3236448734554237e-66,0.13402646111194616,344,-0.016067349014021782,-0.001827618059981495,0.001827618059981495,1042,-0.24953496754979446,-0.10924988883206593,0.10924988883206593,848,-0.054006302472490074,-0.05733779769039471,0.0484596371681108,5.7843916343032615e-46,5.032151768255549e-65,2.023325385361415e-11,low,medium,supplementary,A2_T9b
mk_rho_median_all_genes_narrow_set_delta,319.31905720666003,4.578758567500741e-70,0.1422317602898521,344,-0.014690362536200718,-0.0017807701098114248,0.0017807701098114248,1042,-0.238308051377215,-0.08777461929759228,0.08777197727549207,848,-0.03242887820236021,-0.03838815301625198,0.027735758770771446,5.226109883204632e-49,1.6284219134437146e-59,1.915918910056276e-17,low,medium,supplementary,A2_T9b
mk_rho_min_all_genes_delta,384.0271444526386,4.069725633153181e-84,0.1712358334615144,344,-0.05526617359043237,-0.005232871406659512,0.005232871406659512,1042,-0.4789188787020436,-0.33025974903144184,0.3301774875561304,848,-0.3481829664498493,-0.3418415631094539,0.21215796851642044,6.026239570805261e-54,1.6611757660943138e-101,0.5578375885439806,low,high,supplementary,A2_T9b
mk_rho_min_all_genes_narrow_set_delta,324.38907590500565,3.629168831697132e-71,0.1445042922030505,344,-0.03606183598684325,-0.0032984851040003815,0.0032984851040003815,1042,-0.38466052265186645,-0.19506701629968115,0.19505516099253684,848,-0.12932762605841872,-0.15181318717553816,0.0801702409325542,2.4144263102359778e-48,4.135257952016249e-80,1.2045807405885186e-05,low,medium,supplementary,A2_T9b
mk_rho_p10_all_genes_delta,318.6529683520608,6.388326455583269e-70,0.14193319961992865,344,-0.03131192217726264,-0.003092389082817615,0.003092389082817615,1042,-0.3412004837437143,-0.20435745969890579,0.2043490560898817,848,-0.15331799878922667,-0.16274493729259754,0.11256780354916474,6.861647173043863e-48,1.1568117236577388e-80,0.003302612199685474,low,medium,supplementary,A2_T9b
mk_rho_p10_all_genes_narrow_set_delta,326.9921480786697,9.875457671916983e-72,0.14567106592499762,344,-0.0249183431832012,-0.0027500197405213034,0.0027500197405213034,1042,-0.31335628651173975,-0.14032086247478953,0.14031323593104433,848,-0.07493935599088343,-0.09252320544179338,0.04622492158946068,4.4281848537331195e-49,5.664037276725005e-75,7.916829267356353e-10,low,medium,supplementary,A2_T9b
pv_lobo2_auc_macro_mean_delta,7.44566804418828,0.02416538547326975,0.0025083685141355505,333,-0.018214841307212,-0.008439121923121573,0.012854277314979234,1016,-0.023887369248431618,-0.009338227138778743,0.027855377450572927,825,-0.017594875516922407,-0.0033554979215766334,0.03396893039733129,0.5261695807002331,0.0155723793844263,0.027985001201622145,high,medium,supplementary,A2_T9b
pv_lobo2_auc_macro_perm_mean_delta,1.2795429959774585,0.527412925189323,-0.00032307488969620697,344,-0.0003044576318748689,0.0,0.0013102383384148153,1042,-0.0001182632183211817,0.0,0.0016889625716655643,847,-0.0001680826626902296,-3.7446688575693e-05,0.0016722597467755396,0.2705588635329329,0.581466546221513,0.5117817592670437,low,high,supplementary,A2_T9b
pv_lobo2_bal_acc_mean_delta,24.197994651386036,5.565090418315494e-06,0.009954257691204501,344,-0.03434968547518267,-0.0018811216086633276,0.06680185940360284,1042,0.004700056917933782,0.0,0.08502977312475213,847,-0.00575184461230975,0.0,0.07674670125103256,3.6513943157338813e-06,6.891271344527651e-06,0.7099413788757489,medium,low,supplementary,A2_T9b
pv_lobo2_f1_macro_delta_delta,33.4173416080374,5.540085533686874e-08,0.014088493994635604,344,-0.08759960564722567,-0.03725644619429725,0.10022112711402652,1042,-0.03556986308111974,-0.020285211532498605,0.09866274113524606,847,-0.03890529063604514,-0.014863266410144627,0.08094137245562033,1.417905093530276e-06,7.089317685398903e-09,0.2504026387947115,high,low,supplementary,A2_T9b
pv_lobo2_f1_macro_mean_delta,33.87356605198125,4.410101556867513e-08,0.014293078947076794,344,-0.04466948928783716,-0.002877111686937661,0.06774205000322359,1042,0.0015832671112900475,0.0,0.08574007865264333,847,-0.005120292409438957,0.0,0.06821814207477894,3.0786910623641045e-07,1.0320741095875226e-08,0.6576943944060263,medium,low,supplementary,A2_T9b
pv_lobo2_f1_macro_median_delta,17.646360028542443,0.000147279264598661,0.007016304945534728,344,-0.04416951243803397,-0.017949458088208525,0.04898725513669666,1042,-0.0030868525480450214,-0.006661223692741025,0.08505098159012725,847,-0.014356853006444643,-0.01924606134771778,0.06216376918413369,6.88834102930556e-05,0.00029867764188037693,0.30287364201192235,medium,high,supplementary,A2_T9b
pv_lobo2_f1_macro_min_delta,28.77933396794276,5.631797522714645e-07,0.012008669940781508,344,-0.020530452638441055,0.0,0.0,1042,0.04198060917635107,0.0,0.1036494611428338,847,0.04585461083267793,0.0,0.125,3.6372417970817624e-06,1.1179011556527356e-07,0.35084207973402226,low,low,supplementary,A2_T9b
pv_lobo2_f1_macro_perm_mean_delta,22.85987130543444,1.0865307391915846e-05,0.009354202379118583,344,0.04293011635938848,0.0390886942261392,0.0390886942261392,1042,0.037153130192409796,0.02800457207371601,0.02176841741636082,847,0.033784998226606175,0.009786395797522884,0.012915183522692775,0.9952888352857115,0.22448687349800622,1.1522510398784117e-07,low,high,supplementary,A2_T9b
pv_lobo2_f1_macro_perm_std_delta,3.764596016706126,0.1522398550129623,0.0007912986622000565,344,-0.0006479951685932447,0.0,0.005484863611526352,1042,-0.0016350869327053528,-0.00039730961128069814,0.004206604499387902,847,-0.0008633676861612289,0.0,0.004633092244590898,0.3101199897354098,0.7034962741006222,0.057708900105240234,low,medium,supplementary,A2_T9b
pv_lobo2_f1_macro_std_delta,59.39632707286031,1.265468833003631e-13,0.025738263261372334,344,0.011757343407399382,0.0,0.04061514227558752,1042,-0.01552206077560478,-0.0040479612110192464,0.05220724822382486,847,-0.027720661565906482,-0.026920641626246883,0.05250354429155957,6.529701689865309e-06,1.6725159522668873e-14,2.0254055807070366e-05,low,high,supplementary,A2_T9b
pv_lobo2_f1_per_class_DLBCL_delta,2.0561985105947933,0.3576861849698389,2.5201125827261572e-05,344,-0.006966165454232942,0.0,0.034259199524265704,1042,-0.012457245032029298,0.0,0.06261461549830666,847,-0.0074138117712870015,-0.0012146533073272847,0.04625621404172242,0.5503696061286605,0.6159997825007273,0.1561975506504862,low,high,supplementary,A2_T9b
pv_lobo2_f1_per_class_FL_delta,56.747536538433096,4.758050091656358e-13,0.02521765847002906,333,-0.08356096129484138,-0.034909625860874205,0.08294360735356543,1016,-0.009481236514646326,-0.008270859194995817,0.08697326519558163,825,-0.020306701770652275,-0.0020984629672848865,0.07101365760651446,3.612325808600598e-11,1.1489220781021335e-13,0.5626985406199998,high,low,supplementary,A2_T9b
pv_lobo2_f1_perm_pvalue_delta,22.884802462593154,1.0730705735577095e-05,0.009365382270221144,344,0.03278263872898917,0.0,0.0,1042,0.011231257482754033,0.0,0.0,847,0.000970226892819153,0.0,0.0,6.703107376848354e-05,2.4445781401125645e-06,0.1966327973020663,low,low,supplementary,A2_T9b
pv_lobo2_f1_weighted_mean_delta,33.280246052459425,5.9331645270181826e-08,0.014027016167022163,344,-0.0481695592371108,-0.003294613351272513,0.07420539483413424,1042,0.0018358746068126296,0.0,0.0891441104686419,847,-0.008118942995731952,-0.0016439913591703714,0.06861974908871649,1.6669517829344094e-07,3.171856459334718e-08,0.9823379000796818,medium,low,supplementary,A2_T9b
pv_lobo2_mcc_mean_delta,8.872064803365902,0.01184283303335003,0.003081643409581122,344,-0.045837033724271226,-0.005076371274100544,0.03739791055305436,1042,-0.03387431317304674,-0.004562571623586309,0.0534747002959714,847,-0.03168324783803657,-0.016199901773024827,0.04678204883108043,0.003284704792930026,0.01140445849375307,0.7384899753606549,medium,high,supplementary,A2_T9b
pv_lobo2_n_folds_delta,5.117967299239947,0.07738334908582233,0.0013981916140089448,344,-0.4563953488372093,0.0,0.0,1042,-0.418426103646833,0.0,0.0,847,-0.3837072018890201,0.0,0.0,0.284039673359306,0.031716655920200176,0.12734926427554646,low,low,supplementary,A2_T9b
pv_lobo2_n_folds_multiclass_delta,14.07001646700433,0.0008805109152086653,0.005412563438118533,344,-0.23837209302325582,0.0,0.0,1042,-0.14971209213051823,0.0,0.0,847,-0.18772136953955135,0.0,0.0,0.00024530388132932136,0.06782162239407205,0.0250236347457001,low,low,supplementary,A2_T9b
pv_lobo3_auc_macro_mean_delta,1.62828245166972,0.4430196178486151,-0.0001712195063704652,333,-0.026571093855041517,-0.01819128050962504,0.01819128050962504,1016,-0.027855349603595297,-0.01574963484913855,0.02571028319124402,825,-0.025436366049701137,-0.017104845185897832,0.025640981073996705,0.23855470780428822,0.23037804231085746,0.9762983669372699,medium,low,supplementary,A2_T9b
pv_lobo3_auc_macro_perm_mean_delta,3.765326729158935,0.15218424339367068,0.0007916263359457107,344,0.0005750377375640102,4.5936648834787874e-07,0.0008329948285107636,1042,0.00036011093206826796,6.389634473613626e-05,0.0011238928051445773,847,0.00033912395521899693,0.0001248850919441935,0.0012323859380705682,0.10058593971351862,0.06004027343744881,0.6220119587003705,high,low,supplementary,A2_T9b
pv_lobo3_bal_acc_mean_delta,31.769352563346857,1.2629109943689196e-07,0.013349485454415631,344,-0.11081475897060293,-0.009920870635031831,0.1110711047844678,1042,-0.04386203278479062,-0.013868786380444087,0.1091987997315007,847,-0.06487843639113151,-0.01478458516387704,0.06729148565028287,1.551797710580009e-08,0.00011999111901137108,0.029293834382962482,low,high,supplementary,A2_T9b
pv_lobo3_f1_macro_delta_delta,25.7516439843442,2.5591842766792418e-06,0.01065096142795704,344,-0.15414577530034243,-0.04567737250649806,0.10817096554734057,1042,-0.07835670302858874,-0.038972245057650706,0.11123139193325973,847,-0.09533742009603134,-0.03399025253544785,0.0631673683205699,2.1654595753499116e-07,0.00036958954729272533,0.09787329715039664,high,low,supplementary,A2_T9b
pv_lobo3_f1_macro_mean_delta,32.48126784629179,8.84672045961072e-08,0.013668729975915603,344,-0.11055849749710979,-0.018281271865786874,0.10287623505381721,1042,-0.041331368632949894,-0.019882208017981073,0.10403359070374069,847,-0.061593880646599444,-0.02177438919469954,0.06120173139495766,9.654858768222648e-09,5.8533667302920315e-05,0.043890662257485405,low,high,supplementary,A2_T9b
pv_lobo3_f1_macro_median_delta,35.01335992804196,2.4942816699923883e-08,0.01480419727714886,344,-0.1429700799410726,-0.03589653949711746,0.12478437184341837,1042,-0.05628357503696557,-0.015542508114121945,0.12493618559302277,847,-0.08303805365279576,-0.025874721053899874,0.06677963983575508,4.3804143609255876e-09,0.001154113114012956,0.0020911450607026794,medium,low,supplementary,A2_T9b
pv_lobo3_f1_macro_min_delta,22.552975164409563,1.266728867482037e-05,0.00921658079121505,344,-0.04809622622726681,0.0,0.0,1042,0.01401839029592241,0.0,0.0966253866190577,847,-0.02969079087800618,0.0,0.07330034817665382,1.602768464108857e-05,0.06262385178806298,0.0010211400541834561,low,low,supplementary,A2_T9b
pv_lobo3_f1_macro_perm_mean_delta,21.09215630516792,2.6296409406094767e-05,0.008561505069582026,344,0.04358727780323265,0.03291465735102185,0.0332221695215055,1042,0.03702533439563884,0.027635416916635944,0.020951122118564647,847,0.033743539449431884,0.011243605337909607,0.012853368546513116,0.6666303862765048,0.16243532122237425,4.007106954777623e-07,low,high,supplementary,A2_T9b
pv_lobo3_f1_macro_perm_std_delta,5.325111091318418,0.06976969408515993,0.001491081206869246,344,0.00021230439122336235,0.0,0.0035522536369990993,1042,-0.0008162627163575902,0.0,0.002462204784793698,847,-0.00016999600359971807,0.00030729265627790076,0.002495588834043598,0.28260051735609515,0.620591347498277,0.021366605653487053,high,low,supplementary,A2_T9b
pv_lobo3_f1_macro_std_delta,13.058851195426788,0.0014598441468199653,0.004959126096603941,344,0.002243209403030679,0.0,0.043353975218543644,1042,-0.013204543232324234,-0.00039780179230969326,0.052633511183937894,847,-0.01588617247337246,-0.010384070676774493,0.04255965730049971,0.03757522476105297,0.00020941001142095187,0.0570452087083857,low,high,supplementary,A2_T9b
pv_lobo3_f1_per_class_DLBCL_delta,5.868087857925642,0.053181540338699484,0.0017345685461549964,344,-0.04806339627574809,-0.022375918955626628,0.05430835595635314,1042,-0.03397512192437182,-0.00828380134871226,0.08465751639421931,847,-0.042534100456636456,-0.02935173784540024,0.058125354836263354,0.02308830599179006,0.20162474678896425,0.1450245949280543,medium,high,supplementary,A2_T9b
pv_lobo3_f1_per_class_FL_delta,35.183679387646606,2.2906624383638292e-08,0.015284974383991987,333,-0.07713584026874305,-0.0600019010541647,0.08095465956401704,1016,-0.020451332113242043,-0.02859903472075509,0.10423990526639376,825,-0.03599665683215196,-0.024659906698806078,0.06523101600861908,1.4454228659081747e-07,5.454553764284835e-09,0.9559531404320978,high,low,supplementary,A2_T9b
pv_lobo3_f1_per_class_Normal_B_delta,31.9970340215453,1.1270218697914833e-07,0.014968579851070508,309,-0.1831104288533725,-0.022332168351827608,0.07393098394490494,938,-0.09464515866626314,-0.005786446523397937,0.05369699286236124,760,-0.10433876696160248,-0.029670427139484312,0.041988226096536296,1.1308829438303832e-08,0.0013744173646842099,0.006210282994195359,medium,high,supplementary,A2_T9b
pv_lobo3_f1_perm_pvalue_delta,0.4667324688141301,0.7918635127483701,-0.0006875639153299865,344,0.009095095556067235,0.0,0.0,1042,0.0100435187472682,0.0,0.0,847,0.008100810081008101,0.0,0.0,0.6866044152004384,0.9297936529357642,0.514231902749314,low,low,supplementary,A2_T9b
pv_lobo3_f1_weighted_mean_delta,38.12752341250993,5.256703560104555e-09,0.016200683144623286,344,-0.11492130981113781,-0.014556369019772808,0.09059527306934614,1042,-0.039039525479277346,-0.012351755613917548,0.11327994000251745,847,-0.06155672866076905,-0.015759887353820834,0.06338089920310608,1.0097626713991687e-09,1.0059919540391157e-05,0.020141626614148242,medium,high,supplementary,A2_T9b
pv_lobo3_mcc_mean_delta,10.471849312279883,0.0053219012793414315,0.0037990355660447906,344,-0.05092298011170495,-0.026172972643694614,0.0415624109271088,1042,-0.03376084637424138,-0.020747676720767605,0.05232252488223067,847,-0.04077457232992408,-0.02165413702997343,0.03868877358656192,0.001596217475880577,0.08658722694219531,0.07299323947790393,medium,low,supplementary,A2_T9b
pv_lobo3_n_folds_delta,0.23899435883982664,0.8873665107038304,-0.0007896886283229477,344,-0.5319767441860465,-0.5,0.5,1042,-0.5239923224568138,0.0,0.0,847,-0.5454545454545454,-1.0,1.0,0.887914362196895,0.8291671757663975,0.6253259306109233,medium,high,supplementary,A2_T9b
pv_lobo3_n_folds_multiclass_delta,12.215554320304127,0.002225492231586008,0.004580966062916649,344,-0.311046511627907,0.0,0.0,1042,-0.21976967370441458,0.0,0.0,847,-0.22077922077922077,0.0,0.0,0.0011395769672606685,0.0017157271991616214,0.9919321903561366,low,low,supplementary,A2_T9b
pv_n_genes_dropped_na_delta,50.72794445407413,9.650877934600506e-12,0.021851096167746244,344,-163.7703488372093,0.0,0.0,1042,-202.09884836852208,0.0,0.0,847,179.71310507674144,0.0,0.0,2.511435250541747e-06,0.4141733519097598,8.955380135778066e-11,low,low,supplementary,A2_T9b
pv_n_samples_dropped_na_delta,56.043858624292874,6.764422531460906e-13,0.02423491418129725,344,0.0,0.0,0.0,1042,0.09213051823416507,0.0,0.0,847,0.0,0.0,0.0,5.125543593617976e-05,1.0,2.524848056390955e-10,low,low,supplementary,A2_T9b
xb_n_pairs_diff_bio_delta,1.584926572107711,0.4527282215124131,-0.00018613158201447936,344,-361311.9186046512,-15692.5,15692.5,1042,-280515.69289827254,0.0,0.0,847,-250316.3412042503,-31490.0,31490.0,0.2438102818730068,0.23859457347536372,0.9774838700723665,medium,high,supplementary,A2_T9b
xb_n_pairs_same_bio_delta,3.5193357260489,0.17210201577439244,0.0006813164690802242,344,-266550.06395348837,-1175.5,1175.5,1042,-181054.91458733205,0.0,0.0,847,-133950.82290436837,-3469.0,3469.0,0.17347461733486547,0.05903528521683627,0.458121792162967,medium,high,supplementary,A2_T9b
xb_n_panel_genes_used_delta,176.1649852131139,5.5751878966367425e-39,0.07810089023009592,344,0.08430232558139535,0.0,0.0,1042,-0.3761996161228407,0.0,0.0,847,-46.023612750885476,0.0,0.0,0.0008793485866876778,2.773891156421853e-22,1.0936008924408664e-28,low,low,supplementary,A2_T9b
xb_n_samples_used_delta,2.3665788371407253,0.3062696308109531,0.00016438512876265708,344,-174.33139534883722,-12.0,12.0,1042,-125.35028790786949,0.0,0.0,847,-120.22432113341205,-24.0,24.0,0.18540933864508746,0.13955663135633212,0.713655067193877,medium,high,supplementary,A2_T9b
xb_rank_agree_delta,389.5846395038219,2.527961261978937e-85,0.17380477107794703,344,0.11222831091600359,0.08967628729019034,0.08810027979783214,1042,0.16847820036670785,0.1365464848640221,0.12089963419545807,847,-0.05957952684511453,-3.440004214089187e-05,0.12402711538603306,7.152251154366779e-09,3.7080387054743755e-29,3.573254174159815e-80,medium,high,supplementary,A2_T9b
xb_rank_agree_B_cells_delta,100.73602444349433,1.3349045939892172e-22,0.05690837143717253,265,-0.0048547434661275896,-5.551115123125783e-17,0.015548844469096157,813,0.04492712520666897,0.0,0.06342600799808384,660,-0.15333061693451883,-0.0016896580605446632,0.053976392727602684,0.0010295014934828207,9.318155891901309e-07,1.079849742678735e-22,medium,high,supplementary,A2_T9b
xb_rank_agree_Bone_marrow_CD19+_delta,226.92638990521675,5.291277431185831e-50,0.12897155384473438,271,-0.036621820348018315,-0.007837698447354602,0.034217114809310195,817,0.11602594452070598,0.04995223697866019,0.08336228703685317,659,-0.05301477159872082,-0.001093038979406935,0.04736486090507441,3.0199568502365736e-34,0.026358833476756834,9.774914020708437e-36,medium,low,supplementary,A2_T9b
xb_rank_agree_Burkitt_Lymphoma_delta,23.937486468165,6.339293480812523e-06,0.049632322326165164,57,0.19486314680326156,0.0,0.0049697838837625685,215,0.2720822999975227,0.327857920770688,0.25405811585617233,173,0.09334521567933955,0.00011874595344169014,0.08927098581908272,0.018349427891896076,0.8990955359418921,1.0532085621544108e-06,medium,low,supplementary,A2_T9b
xb_rank_agree_Centroblast_delta,175.1003591307046,9.493801020057858e-39,0.09988480042164143,265,-0.0787439594251353,-0.009743418421292227,0.03550508494008031,807,0.024704679900786827,0.013283688049253062,0.05060229522568549,664,-0.12192905681699619,-0.001531043523070763,0.02579442255088582,7.78675647419865e-30,0.00012563189642647473,2.6303628930277477e-24,medium,low,supplementary,A2_T9b
xb_rank_agree_Centrocyte_delta,189.84260741499574,5.973124744432347e-42,0.10857954185837904,266,-0.06407188452653476,-0.007355051645859645,0.035909097786445854,808,0.05880982745855431,0.035347758130661266,0.055562615593432174,659,-0.09339900430305316,-0.0007390368926779578,0.03179709293271116,1.6910256156010887e-32,1.5560108825556656e-05,1.3958517544421259e-25,medium,low,supplementary,A2_T9b
xb_rank_agree_Diffuse_Large_B_Cell_Lymphoma_delta,397.4098676954573,5.052934899808646e-87,0.17731384201590014,344,0.11272181913456993,0.09309546498811411,0.09309546498811411,1042,0.16767961864576228,0.13853312987334243,0.12664455546342454,847,-0.061072117899181426,-3.487589618339504e-05,0.12353773977409266,9.107612832962845e-08,1.3296844460348498e-32,6.908784549992787e-81,medium,high,supplementary,A2_T9b
xb_rank_agree_Follicular_Lymphoma_delta,323.01273687316416,7.222297864098806e-71,0.14786399671725664,333,0.10664096783041202,0.074186129582684,0.074186129582684,1016,0.17182048482285778,0.1340843256120938,0.12128209908407314,825,-0.04995971282351444,1.1102230246251565e-16,0.11348888226510534,1.3603895933084925e-12,7.47405189818588e-15,6.962396286635031e-69,medium,high,supplementary,A2_T9b
xb_rank_agree_GC_delta,74.24065927998542,7.565639978150012e-17,0.04113932760819215,272,0.007767569241758016,-0.004005821781758678,0.009176786195082332,822,0.08865257594849264,0.0,0.05222684874382588,665,-0.05702188375245013,-0.0011024244136389472,0.06879603673376994,6.173972156041688e-08,0.2685253888202772,5.755838707121787e-16,medium,low,supplementary,A2_T9b
xb_rank_agree_Immature_delta,183.46465382277688,1.4492943870561076e-40,0.11499661205499169,236,0.020174722416026594,0.0,0.0047933689092117815,750,0.14107909078651093,0.05204807256349098,0.07292287940895792,595,-0.03228616268188038,-1.1102230246251565e-16,0.013851555779917146,5.794915120375104e-22,0.33290559751149573,6.188802440157114e-34,medium,high,supplementary,A2_T9b
xb_rank_agree_MZ_delta,196.89922161370094,1.7533849764442086e-43,0.12327591499917834,236,-0.08441968972239221,-0.0043774880398694815,0.015436029102346371,748,0.0266419886979073,0.021116508913674226,0.06739079061419206,600,-0.17107222413439238,-0.0021458273593367716,0.048352449572567846,1.2540943503441158e-24,0.7409318519935643,1.5901707923183444e-35,medium,low,supplementary,A2_T9b
xb_rank_agree_Memory_delta,209.92147373279818,2.6069407601843925e-46,0.11840630622596707,272,-0.04790977431342194,-0.01143587172986954,0.039621477546687656,822,0.07252816654178505,0.02880690194432911,0.06298221636462231,665,-0.09652198331931228,-0.0023037705181198076,0.05363932763979573,7.918865229380123e-33,0.063651314550906,1.1498277597386218e-32,medium,low,supplementary,A2_T9b
xb_rank_agree_Naive_delta,172.1772799749061,4.0942909262163756e-38,0.09691189064630187,272,-0.03685229317955268,-0.0041897523063998965,0.016525831362054544,822,0.05848019098062796,0.022043891889789613,0.07938729198326944,665,-0.11231188997304088,-0.002063683859011012,0.06437913659498717,3.2084729486287216e-23,0.6943126671288554,2.144641495152939e-30,medium,low,supplementary,A2_T9b
xb_rank_agree_Plasma_delta,189.29928632199776,7.837584949492726e-42,0.10666246373690078,272,-0.08508416130581627,-0.036211455739244225,0.06921514783118698,822,0.056562415260844594,0.030563362286609497,0.09328792064316604,665,-0.09073674805089592,-0.0017650598940166518,0.053146472429097424,2.1232289656135046e-32,0.0029988676347963094,7.288094738066467e-27,medium,low,supplementary,A2_T9b
xb_rank_agree_Plasmablast_delta,132.2014971422039,1.962499911787492e-29,0.1476207450591881,130,-0.21378963386289174,-0.09216409748969201,0.09216409748969201,410,0.0044828241515751,0.009178058566816638,0.09854395228140811,345,-0.21449041608086836,-0.015194906132931396,0.0660871362807538,1.1343717813763142e-19,0.13508801627205455,2.343987708620671e-22,medium,low,supplementary,A2_T9b
xb_rank_agree_median_delta,390.8446458144533,1.3463671931728003e-85,0.17436979632935126,344,0.10466626287875563,0.09754890063046581,0.09504823499765183,1042,0.1586759699032969,0.143501120371351,0.12716251722504074,847,-0.07620194319780269,0.0,0.1350225873324432,4.846121000174655e-09,8.828836145530841e-28,4.000181184658626e-81,medium,high,supplementary,A2_T9b
xb_rank_agree_ratio_delta,122.6524447312927,2.3246631462116453e-27,0.05410423530551242,344,0.008277233279883433,0.0011075822816926512,0.011418175908411592,1042,-0.001045088340797235,-0.0032385765923485,0.0356618507302536,847,-0.027820182698352763,-0.009230497087206302,0.014154651188695402,1.612050212715621e-07,8.171003399429967e-34,4.3573889028666544e-09,low,high,supplementary,A2_T9b
xb_rank_disagree_diffbio_delta,310.7130634516602,3.384663857082809e-68,0.13843635132361445,344,0.10395107763612016,0.09432667100307907,0.09390569707115465,1042,0.1695232887075051,0.10002531484458282,0.10002316060188221,847,-0.031759344146761743,0.0,0.12813693002697052,1.4037795432960014e-06,7.324848490112875e-22,1.0947538741071562e-65,medium,high,supplementary,A2_T9b
xb_rank_disagree_diffbio_median_delta,331.3916042657617,1.0945294694914477e-72,0.14770923958105905,344,0.1286603229437961,0.11788845692167543,0.11738858622060777,1042,0.17675685670811148,0.1177584412338677,0.11194959728197226,847,-0.036925188314158426,0.00017387467594259798,0.12673643293230524,3.1388423715005124e-05,1.194329457078206e-22,2.7440922931404034e-71,low,high,supplementary,A2_T9b
xb_margin,132.87606846869772,1.4006458651335523e-29,0.05868881994112005,344,0.07492792453750256,0.05359461581580155,0.0263000250284251,1042,0.06511051096787386,0.04508221767611599,0.04399972155213333,847,0.03904812274769166,0.030137160872730384,0.021767071020280637,1.9166546669775775e-06,2.0807736876464903e-30,2.4502555704234328e-14,low,high,supplementary,A2_T9b
xb_margin_delta,122.64195916846141,2.336882851584354e-27,0.054099533259399736,344,0.008277233279883433,0.0011075822816926373,0.011418175908411626,1042,-0.0010450883407972435,-0.003238576592348469,0.03566185073025366,847,-0.027820182698352784,-0.009230497087206246,0.014154651188695355,1.6434154216712165e-07,8.171003399429967e-34,4.31619564360979e-09,low,high,supplementary,A2_T9b
f1_mc_mean,11.786453030745545,0.0027580633912576034,0.004507808858012687,333,0.6452864190055857,0.6572666666666667,0.0799266666666667,1016,0.6657066338902239,0.6778466666666667,0.08377000000000001,825,0.6643392735712099,0.67786,0.06606999999999996,0.0013740288580696997,0.0016202409515586596,0.6568381640742964,high,low,supplementary,A2_T9b
f1_mc_min,3.6837235879980526,0.15852201585789963,0.0007755520902800795,333,0.315621021021021,0.3097,0.15180000000000005,1016,0.32937253937007877,0.33855,0.13855,825,0.33579345454545456,0.325,0.1292,0.2964209257585949,0.0394941856608226,0.3377164263199024,medium,low,supplementary,A2_T9b
auc_mc_mean,0.7166010265467107,0.6988630258313044,-0.0005911556763948823,333,0.8781012324770657,0.8832,0.031963636363636416,1016,0.8738703839292816,0.8876469696969698,0.041466969696969724,825,0.87681084818313,0.89032,0.03407090909090915,0.4260195719377673,0.5135898010301816,0.7314757378678398,high,low,supplementary,A2_T9b
f1_mc2_mean,17.91109877649504,0.00012901919215833419,0.007328926198293432,333,0.7060821781305114,0.7261500000000001,0.061461111111110966,1016,0.7238373923181477,0.7423354166666667,0.06382916666666666,825,0.7267509853294852,0.7458,0.055187500000000056,0.00033445058901738025,1.9104712382746718e-05,0.6044382330436538,high,low,supplementary,A2_T9b
f1_mc2_min,11.89043332843039,0.0026183349874069387,0.0045557039744036805,333,0.39350330330330335,0.401,0.15880000000000002,1016,0.41781830708661416,0.43555,0.09304999999999997,825,0.43166727272727273,0.4643,0.0801,0.07003961085497205,0.006396803386949365,0.007142482043534712,high,low,supplementary,A2_T9b
auc_mc2_mean,1.479604139630216,0.4772083601129573,-0.00023970329818967482,333,0.8883254630821297,0.9005714285714286,0.03466190476190467,1016,0.8793063461207974,0.9042444444444444,0.0368444444444444,825,0.8854738747955748,0.90398,0.04310888888888886,0.9105633041284944,0.5563170219613669,0.21594938493767513,medium,low,supplementary,A2_T9b
