row_type,label,n_approaches,pv_lobo3_f1_macro_mean,f1_mc_mean,pv_lobo3_auc_macro_mean,pv_lobo2_f1_macro_mean,f1_mc2_mean,pv_lobo2_auc_macro_mean,f1_mc_min,n_mc,mk_rho_mean_markers,generalizability_index,tier,destination
group (median),all approaches,2234,0.708651939390718,0.6746571428571428,0.8878909434906038,0.7063614338820504,0.741779861111111,0.9036684848864782,0.33185,9.0,0.9435299670914679,0.4752211479032506,main,Table 2
group (median),"eligible (non-confounded, >= 5 multiclass folds)",1527,0.7204200270972788,0.6903666666666667,0.892093980583571,0.7023910698655353,0.7534555555555555,0.90477454620954,0.3283,9.0,0.9381828654637558,0.4752283907488783,main,Table 2
group (median),clustermap_best,15,0.6287745693759134,0.6903818181818182,0.8782822552885229,0.654791130694452,0.737225,0.9128651621647268,0.4102,5.0,0.7784489156107313,0.4658015070029535,main,Table 2
group (median),class N elected,112,0.897749522218976,0.81746,0.9394664625314852,0.8909976804713184,0.8396,0.9378573001167388,0.5286,10.0,0.9073410512563076,0.8135648028096586,main,Table 2
group (median),class L elected,112,0.7594724517810979,0.71028,0.8842440175674727,0.7621510467422512,0.7640344444444445,0.9304086881021256,0.4267,9.0,1.0,0.7182708848142928,main,Table 2
group (median),class M elected,112,0.68168139944469,0.6961318181818181,0.8928270576713759,0.6944318390819432,0.7260055555555556,0.9119190525571652,0.346,10.0,-0.0058104906367196,0.3498755640950132,main,Table 2
group (median),"ComBat family (05, 06, 08, 29)",277,0.8734005842651978,0.7712857142857142,0.9195862807077004,0.8362418054765407,0.8086142857142857,0.9320653158089904,0.4615,9.0,0.8679314076332079,0.7368745867499786,main,Table 2
group (median),20_shambhala,84,0.7452717633752932,0.7002104545454546,0.8945387586619056,0.7613708646895321,0.7440555555555555,0.9184089530629771,0.4292,9.0,0.840308138482856,0.4414262466628297,main,Table 2
approach,best eligible of its strategy by full-cut LOBO3 F1: S0_no_removal__softimpute__29_combat_ref__post0,1,0.946437048302154,0.8870818181818181,0.9428079173535708,0.9207214151610252,0.8595888888888888,0.9319356720034556,0.4615,11.0,0.8801594521235586,0.8259393118101036,main,Table 2
approach,best eligible of its strategy by full-cut LOBO3 F1: F_microarray_only__strict__08_inmoose_combatseq__post0,1,0.9451483998822188,0.8381833333333333,0.9299330132098216,0.9351264184428456,0.8321,0.9269357521111672,0.5918,6.0,0.8285571368953922,0.8440414094263606,main,Table 2
approach,best eligible of its strategy by full-cut LOBO3 F1: J_ff_only__softimpute__29_combat_ref__post0,1,0.9352329586095156,0.8630142857142857,0.9840488206185976,0.9298637018678426,0.8805799999999999,0.9116508908685969,0.6389,7.0,0.9435248855517734,0.8861495413298859,main,Table 2
approach,best eligible of its strategy by full-cut LOBO3 F1: I_rare_batches_removed__softimpute__29_combat_ref__post0,1,0.9321646268919466,0.8890666666666667,0.9344279336617642,0.9153261291241124,0.8765428571428571,0.931837846661948,0.5414,9.0,0.8841066674287951,0.8580427958111532,main,Table 2
approach,index leader among eligible (E1): S0_no_removal__strict__29_combat_ref__post1,1,0.9344634457653228,0.8657727272727272,0.9802556752326852,0.9361002071849596,0.8940666666666667,0.9797074766385122,0.5414,11.0,0.952579423471682,0.8861621838448367,main,Table 2
approach,"batch-confounded, not recommended: A_confirmed_bad__strict__29_combat_ref__post1",1,0.9575477667825232,0.9239636363636364,0.992799024129992,0.9536467543842508,0.9311777777777777,0.9976085596510956,0.6433,11.0,0.9570954207773814,0.9000155253333006,main,Table 2
