gene,n_pairs_present
ADM,42
AICDA,42
AKT1,42
AKT2,42
ANGPT1,42
ANXA6,42
ATRX,42
B2M,42
BCL2,42
BCL2A1,42
BCL6,42
BIK,42
BIRC3,42
BIRC5,42
BUB1,42
CA9,42
CAMK1,42
CBX3,42
CCNB1,42
CCND1,42
CCND2,42
CCND3,42
CCNE1,42
CCR3,42
CD163,42
CD19,42
CD1C,42
CD2,42
CD22,42
CD4,42
CD44,42
CD48,42
CD5,42
CD53,42
CD7,42
CD72,42
CD83,42
CD84,42
CD8A,42
CDK2,42
CDK4,42
CLU,42
CMKLR1,42
CNN2,42
CR2,42
CREBBP,42
CSF1,42
CSF1R,42
CSTB,42
CTLA4,42
CX3CR1,42
CXCR4,42
DDX21,42
DUSP2,42
DUSP5,42
DUSP6,42
E2F1,42
EBI3,42
EDNRB,42
EEF1A1,42
EMP3,42
EP300,42
EZH2,42
FBLN1,42
FGF2,42
FHIT,42
FLT1,42
FLT3,42
FLT4,42
FN1,42
FXYD5,42
GCHFR,42
GNLY,42
GPR18,42
GPX1,42
GZMK,42
HPRT1,42
HSPD1,42
ICAM1,42
ICAM3,42
ICOS,42
IFI44,42
IFIT1,42
IFITM2,42
IFNGR1,42
IL10,42
IL21,42
IL21R,42
IL22,42
IL4,42
IMPDH2,42
IRF4,42
IRF7,42
ISG20,42
ITK,42
ITPKB,42
JAM3,42
JUNB,42
KDR,42
KIT,42
KITLG,42
KRT8,42
LAG3,42
LAMP3,42
LDHA,42
LMO2,42
LNPEP,42
LRP1,42
LUM,42
LYL1,42
MAF,42
MALT1,42
MCM2,42
MCM6,42
METAP2,42
MKI67,42
MMP1,42
MSR1,42
MYBL2,42
NFKB1,42
NFKB2,42
NKG7,42
PAX5,42
PCNA,42
PDGFC,42
PFDN4,42
PGF,42
PGK1,42
PIM1,42
PIM2,42
PLEK,42
POU2F2,42
PPIA,42
PRELP,42
PRF1,42
PRNP,42
PROX1,42
PTGS2,42
REL,42
RELA,42
RELB,42
RGS1,42
RGS10,42
RGS13,42
RPS27L,42
RRM2,42
S100A10,42
SDF2L1,42
SELL,42
SH2D1A,42
SIAH2,42
SLA,42
SNX2,42
SOX18,42
SP140,42
SRM,42
SS18L2,42
STAT3,42
STMN1,42
TAGLN2,42
TBP,42
TBX21,42
TCF4,42
TIMP1,42
TKT,42
TPD52,42
TRAF4,42
TYMS,42
UBE2C,42
VASP,42
VCAM1,42
VCL,42
VEGFB,42
VIM,42
VPREB3,42
VTN,42
VWF,42
ZNF277,42
AURKB,37
BANK1,37
CCL11,37
CCL20,37
CCL21,37
CD160,37
CD180,37
CD226,37
CD28,37
CD40LG,37
CDKN2A,37
CHMP7,37
COX8A,37
CX3CL1,37
CXCL10,37
CXCL11,37
CXCL12,37
CXCL13,37
CXCL5,37
CXCL9,37
CXCR3,37
DDIT4,37
FOXP3,37
HMGB2,37
IER2,37
IFIT3,37
LITAF,37
MARCKSL1,37
MFAP5,37
MYD88,37
NCR1,37
NCR3,37
PDCD1LG2,37
PDPN,37
PNRC1,37
SH3TC1,37
SIT1,37
SMAD1,37
SMAD2,37
SMAD3,37
SMAD7,37
TRAT1,37
USP34,37
ZBTB20,37
GSN,34
XBP1,34
ANGPT2,33
BCL10,33
BST1,33
CCL5,33
CXCL2,33
DES,33
DHRS9,33
FCRL2,33
ISG15,33
JAM2,33
LPP,33
MME,33
MMP12,33
MYC,33
PTEN,33
THY1,33
TNF,33
TOP2A,33
TP53,33
TRIM38,33
TXNIP,33
UBC,33
VEGFC,33
AURKA,32
CD27,32
CD70,32
CD8B,32
CXCR5,32
FOXO1,32
GINS2,32
IFT57,32
IKZF2,32
IKZF4,32
SUB1,32
TMED10,32
VEGFA,32
CXCR1,31
ERP44,31
EZR,31
HNRNPM,31
HOPX,31
LYVE1,31
N4BP2L2,31
ORAI2,31
PEG10,31
RSL24D1,31
SNRNP27,31
STAP1,31
ACP1,27
ACP5,27
ACTB,27
AKT3,27
ARG1,27
BATF,27
BLK,27
C1QBP,27
CAPG,27
CCR6,27
CCR8,27
CD244,27
CD3D,27
CD3E,27
CD3G,27
CD79A,27
CD79B,27
CDH5,27
CETN3,27
COL11A1,27
COL1A1,27
COL1A2,27
COL3A1,27
COL4A1,27
COL5A1,27
COL6A1,27
COL6A2,27
COL6A3,27
CSNK1E,27
CXADR,27
DNAJB9,27
EIF5A,27
FABP5,27
FAP,27
FCER2,27
FOXC2,27
FUT8,27
GMDS,27
GMFG,27
GNA13,27
GNAI2,27
GNG7,27
GOT2,27
GZMA,27
GZMB,27
HIF1A,27
HLA-A,27
HLA-C,27
HLA-DPB1,27
HLA-DQA1,27
HLA-DQB1,27
HLA-DRA,27
HSPA5,27
HSPE1,27
ID3,27
IFI16,27
IFI30,27
IFITM1,27
IFNG,27
IKBKB,27
IL1B,27
IL6,27
ITGAX,27
ITGB2,27
KLRD1,27
LGALS1,27
LGALS9,27
LSM5,27
LTBR,27
LY6E,27
MIF,27
MMP2,27
MMP3,27
MMP7,27
MMP9,27
MS4A1,27
MX1,27
NDUFA1,27
NME1,27
NPC2,27
NR4A1,27
NT5E,27
OAS1,27
PDCD1,27
PDGFRA,27
PIK3CA,27
PIK3CB,27
PIK3CD,27
PLCG2,27
PPAN,27
PPP1R13B,27
PRDM1,27
PSMB4,27
PSME2,27
PTPN1,27
PTPN6,27
RANBP1,27
RPL13A,27
RPLP0,27
RPS26,27
RPS6KB1,27
S100A4,27
SDHA,27
SEMA7A,27
SERPINE1,27
SIPA1,27
SLC2A1,27
SLC2A5,27
SMS,27
SPIB,27
SPINK2,27
SSR3,27
SSR4,27
STAT1,27
TACC1,27
TAP1,27
TAP2,27
TEK,27
TGFB2,27
TGFB3,27
TGFBR1,27
TGFBR2,27
TIMP2,27
TNFAIP3,27
TNFRSF13B,27
TNFRSF14,27
TNFRSF17,27
TNFRSF1A,27
TNFRSF9,27
YWHAZ,27
ZFP36L2,27
ACTA2,26
CALM3,26
CCL3,26
CD24,26
CD248,26
CD40,26
CENPF,26
CXCL1,26
EIF4EBP3,26
ELL3,26
FAM3C,26
FAS,26
FKBP11,26
GAPDH,26
GZMH,26
HLA-B,26
HLA-DMA,26
HLA-DMB,26
HLA-DPA1,26
HLA-DRB1,26
HLA-DRB5,26
HMGN2,26
HSP90B1,26
IDO1,26
IFI27,26
IKBKG,26
KIR2DL4,26
KLRC2,26
KLRF1,26
KLRK1,26
LGALS7,26
LTB,26
MRC1,26
MYBL1,26
NDUFA2,26
NFKBIA,26
NOS2,26
P2RX5,26
PDIA4,26
PIP4K2A,26
PLK1,26
PTPRC,26
RPL21,26
RPS4Y1,26
SEMA4A,26
SYNE2,26
TGFB1,26
TUBB,26
TXNDC5,26
CD68,21
CTGF,21
H1FX,21
H2AFZ,21
LRMP,21
ATP5J2,20
H2AFV,20
MGEA5,20
AFMID,16
BTLA,16
C4orf3,16
CARD11,16
CD274,16
CHCHD10,16
CLECL1,16
DERL3,16
EOMES,16
ESCO2,16
FAM107B,16
FAM26F,16
FCRL3,16
FCRL5,16
FCRLA,16
FGFBP2,16
FOXP1,16
GNG2,16
HAGHL,16
HAVCR2,16
HCST,16
HM13,16
HVCN1,16
LSM10,16
NMRAL1,16
P2RY8,16
PAG1,16
PIM3,16
PLD4,16
RASSF6,16
ROMO1,16
SEC11C,16
SGPP2,16
SLC25A27,16
SUSD3,16
TIGIT,16
TNFRSF18,16
TNFSF13B,16
ZNF581,16
SERPINA9,6
SH2D1B,6
SIGLEC10,6
TNFRSF13C,6
ANKRD33B,0
ATP5EP2,0
C12orf75,0
CCDC144B,0
CCL4,0
CLEC9A,0
CXCL8,0
CXCR2,0
EIF5AL1,0
FAM216A,0
FDCSP,0
GCSAM,0
HLA-DRB6,0
HMCES,0
IGHD,0
IGHM,0
JCHAIN,0
KMT2D,0
LAMTOR5,0
MANF,0
MTOR,0
MYDGF,0
MZB1,0
MZT2B,0
NACAP1,0
NCF1C,0
NT5C3A,0
OR13A1,0
P4HB,0
PCLAF,0
PPP1R18,0
PRKCB1,0
RGCC,0
RPL22L1,0
RUBCNL,0
SARAF,0
SCIMP,0
SELENOH,0
SELENOK,0
SELENOS,0
SMIM14,0
SUGCT,0
TRAC,0
TRBC1,0
TRBC2,0
