Platform ID,Platform Name / Description,Manufacturer,Technology Group,Broad Classification
GPL96+97,Affymetrix Human Genome U133A & B,Affymetrix,Microarray,Affymetrix Microarray
GPL570,Affymetrix Human Genome U133 Plus 2.0,Affymetrix,Microarray,Affymetrix Microarray
GPL17586,Affymetrix Human Gene 1.0 ST Array,Affymetrix,Microarray,Affymetrix Microarray
GPL96,Affymetrix Human Genome U133A,Affymetrix,Microarray,Affymetrix Microarray
GPL13938,Affymetrix Human Gene 1.1 ST Array,Affymetrix,Microarray,Affymetrix Microarray
GPL1708,Agilent Whole Human Genome Oligo Microarray,Agilent,Microarray,Agilent Microarray
GPL887,Affymetrix Human Genome U133A,Affymetrix,Microarray,Affymetrix Microarray
GPL6244,Affymetrix Human Gene 1.0 ST Array,Affymetrix,Microarray,Affymetrix Microarray
RNAseq,Next-Generation Sequencing (Generic label),NGS,NGS,Illumina NGS
GPL14951,Illumina HumanHT-12 v4.0 expression beadchip,Illumina,Microarray,Illumina Microarray
GPL8432,Illumina HumanHT-12 v3.0 expression beadchip,Illumina,Microarray,Illumina Microarray
A-GEOD-19803,Affymetrix HG-U133 Plus 2.0 (ArrayExpress ID),Affymetrix,Microarray,Affymetrix Microarray
GPL16686,Affymetrix Human Gene 2.0 ST Array,Affymetrix,Microarray,Affymetrix Microarray
GSE17077,Affymetrix HG-U133 Plus 2.0 (GEO Series ID),Affymetrix,Microarray,Affymetrix Microarray
GPL26356,"Illumina Sequencer (e.g., NovaSeq 6000)",Illumina,NGS,Illumina NGS
GPL17077,Agilent SurePrint G3 Human GE v2 8x60K,Agilent,Microarray,Agilent Microarray
GPL96+GPL97,Affymetrix Human Genome U133A & B,Affymetrix,Microarray,Affymetrix Microarray
GPL17047,Affymetrix Human Gene 1.0 ST Array,Affymetrix,Microarray,Affymetrix Microarray
GPL10739+GPL19251,Affymetrix Human Gene 1.0 ST & 2.0 ST Arrays,Affymetrix,Microarray,Affymetrix Microarray
GPL20188,"Illumina Sequencer (e.g., HiSeq 2500)",Illumina,NGS,Illumina NGS
GPL13158,Affymetrix HT Human Genome U133 Plus 2.0,Affymetrix,Microarray,Affymetrix Microarray
GPL23541,Illumina Sequencer (High-throughput),Illumina,NGS,Illumina NGS