by,subset,n_columns,across,n_groups,contribution_all,contribution_clustermap,range_with_clustermap_group,range_without_clustermap_group,sd_of_group_means,tier,destination
metric_type,distribution_similarity,11,strategies,14,0.06382598912684344,0.0758595978614997,0.0293793928375018,0.0293793928375018,0.00694887655125332,supplementary,A2_T14
metric_type,distribution_similarity,11,methods,31,0.06382598912684344,0.0758595978614997,0.03631822604075065,0.03631822604075065,0.011380343167756149,supplementary,A2_T14
metric_type,global_distance,47,strategies,14,0.32026576591052175,0.35980184987051167,0.06555840762640158,0.04767603406974674,0.014651391724973947,supplementary,A2_T14
metric_type,global_distance,47,methods,31,0.32026576591052175,0.35980184987051167,0.0845049572116886,0.08247863819650064,0.02714896302444542,supplementary,A2_T14
metric_type,local_neighborhood,22,strategies,14,0.05388191377111211,0.10875286687630649,0.07137519979268638,0.05739097972612185,0.013021363021073954,supplementary,A2_T14
metric_type,local_neighborhood,22,methods,31,0.05388191377111211,0.10875286687630649,0.07483012049419979,0.07176850316423136,0.01980254872658149,supplementary,A2_T14
metric_type,other,7,strategies,14,0.060228286245913934,0.05749484232242855,0.004183651121875333,0.0028720968679046346,0.0007526065370905622,supplementary,A2_T14
metric_type,other,7,methods,31,0.060228286245913934,0.05749484232242855,0.03197293954558537,0.03197293954558537,0.006552338322980849,supplementary,A2_T14
group,?,2,strategies,14,0.022829054579789676,0.02298850574712643,0.0005058938546414829,0.0004785979971032549,0.00014172637018272484,supplementary,A2_T14
group,?,2,methods,31,0.022829054579789676,0.02298850574712643,0.0033621479738705183,0.0033621479738705183,0.0006124519995104942,supplementary,A2_T14
group,A,11,strategies,14,0.08016586872170682,0.09004255907017165,0.017170638533222524,0.01389639601339851,0.00455471588702503,supplementary,A2_T14
group,A,11,methods,31,0.08016586872170682,0.09004255907017165,0.02950658246828132,0.02950658246828132,0.008871721332926722,supplementary,A2_T14
group,B,22,strategies,14,0.09980296020862738,0.13014778952342076,0.042713922065532206,0.03722024680244004,0.008200404104031896,supplementary,A2_T14
group,B,22,methods,31,0.09980296020862738,0.13014778952342076,0.048761953252425674,0.0480652667400706,0.012808042685700094,supplementary,A2_T14
group,C,16,strategies,14,0.06656573629416832,0.09866823526449896,0.039440613618844954,0.017925927730337417,0.004859984090468936,supplementary,A2_T14
group,C,16,methods,31,0.06656573629416832,0.09866823526449896,0.05371389358852585,0.05371389358852585,0.015871662372658624,supplementary,A2_T14
group,D,11,strategies,14,0.06382598912684344,0.0758595978614997,0.0293793928375018,0.0293793928375018,0.00694887655125332,supplementary,A2_T14
group,D,11,methods,31,0.06382598912684344,0.0758595978614997,0.03631822604075065,0.03631822604075065,0.011380343167756149,supplementary,A2_T14
group,E,2,strategies,14,0.004058483462052154,2.357795461243724e-05,0.0049068998678673745,0.0018975548970180454,0.0006676605774915382,supplementary,A2_T14
group,E,2,methods,31,0.004058483462052154,2.357795461243724e-05,0.022988505747126436,0.022988505747126436,0.005813576324628439,supplementary,A2_T14
group,G,3,strategies,14,0.018060761746881784,0.02760227855213294,0.020243250012040068,0.020243250012040068,0.004891948065253353,supplementary,A2_T14
group,G,3,methods,31,0.018060761746881784,0.02760227855213294,0.022238107357361914,0.022238107357361914,0.005283782413129489,supplementary,A2_T14
group,H,7,strategies,14,0.037802187009282485,0.04490451434873618,0.013594572201387628,0.011190404006464268,0.00379153695812611,supplementary,A2_T14
group,H,7,methods,31,0.037802187009282485,0.04490451434873618,0.019058073519833275,0.019058073519833275,0.005216334174925626,supplementary,A2_T14
group,I,10,strategies,14,0.07175016570096705,0.07718933998785764,0.019425293696218947,0.019425293696218947,0.005212480596413404,supplementary,A2_T14
group,I,10,methods,31,0.07175016570096705,0.07718933998785764,0.011667270565880294,0.011667270565880294,0.0023658828412133318,supplementary,A2_T14
group,K,3,strategies,14,0.033340748204072124,0.034482758620689655,0.0020259288160832667,0.0013574910411998375,0.00036044687528638124,supplementary,A2_T14
group,K,3,methods,31,0.033340748204072124,0.034482758620689655,0.006762303770176826,0.006762303770176826,0.002117440856192786,supplementary,A2_T14
kind,batch,57,strategies,14,0.31408674333751374,0.4027917916790575,0.12149005993664791,0.07994454139415513,0.017434367165456512,supplementary,A2_T14
kind,batch,57,methods,31,0.31408674333751374,0.4027917916790575,0.15442265826652066,0.13741264377616594,0.04442910391802303,supplementary,A2_T14
kind,biology,18,strategies,14,0.09654338980415039,0.1087967696090023,0.05333565257697649,0.05333565257697649,0.012704681696461979,supplementary,A2_T14
kind,biology,18,methods,31,0.09654338980415039,0.1087967696090023,0.04080649130425071,0.04080649130425071,0.010029930908495601,supplementary,A2_T14
kind,global,12,strategies,14,0.08757182191272708,0.0903205956426865,0.013741077507958277,0.013741077507958277,0.0036442262586488866,supplementary,A2_T14
kind,global,12,methods,31,0.08757182191272708,0.0903205956426865,0.045038061600927284,0.045038061600927284,0.008879606496682051,supplementary,A2_T14
