strat,imp,method,post_rm,harshness_level,xb_rank_agree,xb_rank_disagree_diffbio,xb_margin,xb_rank_agree_delta,xb_rank_disagree_diffbio_delta,xb_margin_delta,mk_rho_mean_markers,pv_lobo3_f1_macro_mean,f1_mc_mean,n_mc
K_ffpe_only,knn,08_inmoose_combatseq,False,medium,0.7247419548648766,0.2855807204427326,0.439161234422144,0.25744611905948017,-0.1997077488163938,0.457153867875874,0.8630694870488038,0.8485157521768975,0.6263333333333333,3.0
K_ffpe_only,knn,06_combat_seq,False,medium,0.7247419548648766,0.2855807204427326,0.439161234422144,0.25744611905948017,-0.1997077488163938,0.457153867875874,0.8630694945839487,0.8485157521768975,0.6263333333333333,3.0
K_ffpe_only,knn,06_combat_seq,True,medium,0.7232906593851008,0.2867459759081463,0.4365446834769545,0.25599482357970443,-0.19854249335098006,0.4545373169306845,0.8604503573291172,0.8422875444732091,0.6319666666666667,3.0
K_ffpe_only,knn,08_inmoose_combatseq,True,medium,0.7232906593851008,0.2867459759081463,0.4365446834769545,0.25599482357970443,-0.19854249335098006,0.4545373169306845,0.8604503492916293,0.8422875444732091,0.6319666666666667,3.0
K_ffpe_only,strict,08_inmoose_combatseq,False,medium,0.7185308999661475,0.2803110364008401,0.4382198635653074,0.2693036701664566,-0.1784722086921508,0.4477758788586074,0.861587192765429,0.860174419295592,0.6271,3.0
K_ffpe_only,strict,06_combat_seq,False,medium,0.7185308999661475,0.2803110364008401,0.4382198635653074,0.2693036701664566,-0.1784722086921508,0.4477758788586074,0.861587192765429,0.8598729190217678,0.6263,3.0
K_ffpe_only,strict,08_inmoose_combatseq,True,medium,0.7170379861212479,0.2839257087997289,0.433112277321519,0.26781075632155704,-0.174857536293262,0.44266829261481905,0.8594137268145229,0.8419369557256337,0.6311666666666667,3.0
K_ffpe_only,strict,06_combat_seq,True,medium,0.7170379861212479,0.2839257087997289,0.433112277321519,0.26781075632155704,-0.174857536293262,0.44266829261481905,0.8594137268145229,0.8415874103489529,0.6303333333333333,3.0
K_ffpe_only,softimpute,06_combat_seq,False,medium,0.7188797253376249,0.3027167155553085,0.4161630097823164,0.258594246384999,-0.14577794459024862,0.4043721909752476,0.8596685118893322,0.7445991916984295,0.6255666666666667,3.0
K_ffpe_only,softimpute,08_inmoose_combatseq,False,medium,0.7188797253376249,0.3027167155553085,0.4161630097823164,0.258594246384999,-0.14577794459024862,0.4043721909752476,0.8596685118893322,0.7445991916984295,0.6255666666666667,3.0
K_ffpe_only,softimpute,08_inmoose_combatseq,True,medium,0.717569274082499,0.3024596252222561,0.41510964886024293,0.25728379512987315,-0.146035034923301,0.40331883005317415,0.8568556230254535,0.8416075101864429,0.6304,3.0
K_ffpe_only,softimpute,06_combat_seq,True,medium,0.717569274082499,0.3024596252222561,0.41510964886024293,0.25728379512987315,-0.146035034923301,0.40331883005317415,0.8568556230254535,0.8416075101864429,0.6304,3.0
K_ffpe_only,knn,05_combat,True,medium,0.7006176552704602,0.4851929827832093,0.21542467248725083,0.23332181946506375,-9.54864759170615e-05,0.2334173059409808,0.9914215371376212,0.6958338006680973,0.6236,3.0
K_ffpe_only,knn,29_combat_ref,True,medium,0.7006176514972642,0.485192981166684,0.21542467033058016,0.23332181569186777,-9.5488092442364e-05,0.23341730378431014,0.9914214050264252,0.6958338006680973,0.6236,3.0
F_microarray_only,softimpute,05_combat,False,medium,0.5978222123640953,0.3363570347367385,0.26146517762735677,0.15426437546142158,-0.05549551039207212,0.2097598858534937,0.8644049628806436,0.8714482760113698,0.70845,6.0
F_microarray_only,softimpute,05_combat,True,medium,0.5977877728682502,0.3465165864263859,0.25127118644186436,0.15422993596557655,-0.04533595870242474,0.1995658946680013,0.8846183114477119,0.8638173785138209,0.70825,6.0
I_rare_batches_removed,softimpute,05_combat,False,medium,0.610988461552648,0.4101546855290895,0.20083377602355845,0.13088431181090665,-0.012005017394577377,0.14288932920548403,0.8778331243816425,0.7656152334349517,0.7138222222222222,9.0
S0_no_removal,softimpute,05_combat,False,medium,0.592510518770266,0.3912719863138854,0.20123853245638057,0.10910911626129116,-0.02568377829954721,0.13479289456083837,0.877978516053652,0.8544049198747325,0.7404181818181819,11.0
I_rare_batches_removed,softimpute,05_combat,True,medium,0.611077206471564,0.4218530577870664,0.18922414868449766,0.13097305672982273,-0.00030664513660050297,0.13127970186642324,0.8980666692980585,0.7599095677818996,0.7201888888888889,9.0
S0_no_removal,softimpute,05_combat,True,medium,0.5925581781558642,0.3967268508177696,0.1958313273380946,0.10915677564688941,-0.020228913795662995,0.1293856894425524,0.8798496318858785,0.849689155098085,0.7414727272727273,11.0
G_affymetrix_only,knn,25_angel,False,high,0.4503579184124339,0.271346736929164,0.1790111814832699,0.001504324926541678,-0.0514869755851835,0.05299130051172518,0.9155329515542928,0.7417815686267422,0.6369499999999999,2.0
I_rare_batches_removed,strict,25_angel,False,high,0.4799752769226717,0.4031144775265962,0.07686079939607554,0.026418251989110908,-0.01613239334213573,0.04255064533124664,0.9151470607814914,0.8314503012215918,0.7999222222222222,9.0
I_rare_batches_removed,strict,25_angel,True,high,0.4798920477310809,0.4053076174823868,0.0745844302486941,0.02633502279752009,-0.013939253386345107,0.0402742761838652,0.9143581914501812,0.821587055210664,0.8002,9.0
K_ffpe_only,softimpute,18_rank,True,high,0.4627422377363825,0.4204400700813245,0.04230216765505801,0.0024567587837566185,-0.02805459006423261,0.030511348847989228,0.9266570827949536,0.5692050079628468,0.474,3.0
I_rare_batches_removed,softimpute,25_angel,False,high,0.4848690646686696,0.3979001933969893,0.08696887127168029,0.004764914926928265,-0.024259509526677603,0.029024424453605868,0.8681686829935071,0.8165102715382571,0.8029444444444445,9.0
I_rare_batches_removed,softimpute,25_angel,True,high,0.4847913477802197,0.4014104003776474,0.08338094740257229,0.004687198038478391,-0.020749302546019477,0.025436500584497868,0.8751516494294658,0.8035843830487722,0.8033111111111111,9.0
E3_iterative_r3,strict,17_quantile,True,high,0.627697621501282,0.5564789021370925,0.07121871936418955,0.019894894300596988,-0.0002372982415523861,0.020132192542149374,0.9117168236774184,0.8579956422248556,0.7928200000000001,10.0
E3_iterative_r3,strict,15_fsqn_py,True,high,0.6276976263739027,0.5564812095905654,0.07121641678333734,0.01989489917321763,-0.00023499078807953655,0.020129889961297165,0.9117061916261926,0.8561900521079738,0.7921400000000001,10.0
E2_iterative_r2,strict,15_fsqn_py,True,high,0.6251867723219675,0.5556883444805671,0.06949842784140037,0.0195418231347817,-0.0002926281446202772,0.019834451279401977,0.9122517230129128,0.7530873573256057,0.7155272727272727,11.0
E2_iterative_r2,knn,05_combat,True,medium,0.6317481552257674,0.5688970269407518,0.0628511282850156,0.0036333303522467775,-0.01580930618348153,0.019442636535728308,0.9776315210434298,0.911091019823712,0.8445199999999999,10.0
E1_iterative_r1,knn,05_combat,True,medium,0.6318343315342699,0.5677116676330874,0.06412266390118249,0.0037529026284811584,-0.013404367695882602,0.01715727032436376,0.9763722658509753,0.9171529300016636,0.85125,10.0
A_confirmed_bad,knn,05_combat,True,medium,0.631440775434904,0.5669086463085123,0.06453212912639161,0.00479829477647864,-0.012316855951876038,0.017115150728354678,0.9768731182058932,0.9204061495969944,0.8449099999999999,10.0
B_extended_bad,knn,05_combat,False,medium,0.6354924170948794,0.5744599388125462,0.06103247828233316,0.004319525371195176,-0.011628064621267309,0.015947589992462485,0.9807820443474304,0.8929400734335126,0.83324,10.0
B_extended_bad,knn,05_combat,True,medium,0.6353009741396318,0.5743316076271546,0.0609693665124772,0.004128082415947643,-0.011756395806658881,0.015884478222606524,0.9803389273273276,0.8959674638869009,0.8446,10.0
E3_iterative_r3,knn,05_combat,False,medium,0.6334784091539472,0.5714668064230468,0.06201160273090034,0.0023046051091826225,-0.01345624074035634,0.015760845849538963,0.9771216958588784,0.9064127842042464,0.8440200000000001,10.0
E3_iterative_r3,knn,05_combat,True,medium,0.6333198325455183,0.5713563100881377,0.06196352245738057,0.0021460285007537383,-0.013566737075265456,0.015712765576019194,0.9766295897033044,0.907715068305758,0.84805,10.0
K_ffpe_only,knn,14_qsmooth,True,high,0.4693062408119951,0.4734564270969583,-0.004150186284963164,0.0020104050065987145,-0.0118320421621681,0.013842447168766814,0.9364955974476245,0.551931430268089,0.6154333333333334,3.0
K_ffpe_only,knn,18_rank,True,high,0.4693062408119951,0.4734564270969583,-0.004150186284963164,0.0020104050065987145,-0.0118320421621681,0.013842447168766814,0.9366614612755244,0.5372907210491895,0.5045000000000001,3.0
K_ffpe_only,knn,27_dwd,True,medium,0.4693030854154346,0.4734593446874506,-0.004156259272016016,0.0020072496100381754,-0.011829124571675786,0.013836374181713962,0.999992406441722,0.5485767284879383,0.45949999999999996,3.0
K_ffpe_only,knn,16_fsqn_r,True,high,0.4693030854154346,0.4734593446874506,-0.004156259272016016,0.0020072496100381754,-0.011829124571675786,0.013836374181713962,0.999992406441722,0.5485767284879383,0.45949999999999996,3.0
K_ffpe_only,knn,17_quantile,True,high,0.4692260330381163,0.4734077042894101,-0.004181671251293817,0.0019301972327198658,-0.011880764969716295,0.013810962202436161,0.9363169282253482,0.5524495071979019,0.5316666666666666,3.0
K_ffpe_only,knn,15_fsqn_py,True,high,0.4692260330381163,0.4734077042894101,-0.004181671251293817,0.0019301972327198658,-0.011880764969716295,0.013810962202436161,0.9363169282253482,0.5524495071979019,0.5316666666666666,3.0
F_microarray_only,softimpute,04_sva,True,low,0.4503611392782775,0.3880384612372572,0.06232267804102026,0.006803302375603781,-0.0038140838915534103,0.010617386267157192,0.9985919547288304,0.8696332757094399,0.8013333333333333,6.0
F_microarray_only,knn,36_explobatch,True,medium,0.4474108026240042,0.3319129265098913,0.11549787611411289,0.004117665874307563,-0.00602309910045612,0.010140764974763683,1.0,0.7717314028423019,0.6928666666666666,6.0
F_microarray_only,knn,04_sva,True,low,0.4530325586940223,0.3377431769915726,0.11528938170244973,0.009739421944325699,-0.0001928486187748324,0.009932270563100531,0.9985696808835204,0.7709956343441757,0.6907833333333334,6.0
F_microarray_only,softimpute,14_qsmooth,True,high,0.4475250345181285,0.3875284455869107,0.05999658893121779,0.003967197615454776,-0.0043240995418999395,0.008291297157354716,0.8431681414367228,0.8401693535321596,0.7921833333333334,6.0
F_microarray_only,softimpute,36_explobatch,True,medium,0.4475266696521646,0.3877435396267043,0.05978313002546026,0.0039688327494908915,-0.0041090055021063,0.008077838251597191,1.0,0.8681757540989864,0.7963333333333334,6.0
F_microarray_only,softimpute,16_fsqn_r,True,high,0.4475276141281036,0.3877484532256178,0.059779160902485806,0.003969777225429905,-0.00410409190319283,0.008073869128622735,0.999999685674618,0.873777994995345,0.7963333333333334,6.0
F_microarray_only,knn,14_qsmooth,True,high,0.4502689166622803,0.3375390255386087,0.1127298911236716,0.006975779912583691,-0.00039700007173870677,0.007372779984322397,0.9211147370789118,0.7088760938710921,0.5940833333333333,6.0
F_microarray_only,knn,16_fsqn_r,True,high,0.4502700782719375,0.337544008182826,0.11272607008911151,0.006976941522240876,-0.00039201742752142943,0.007368958949762305,0.9994945827727612,0.7718646284278294,0.6932499999999999,6.0
H_affymetrix_extended,strict,14_qsmooth,True,high,0.49988532132462,0.4372193774223033,0.06266594390231667,0.004749887108208173,-0.0009007892676422546,0.0056506763758504275,0.9122092046794428,0.8484182102763875,0.66954,5.0
H_affymetrix_extended,strict,27_dwd,True,medium,0.4999014036169657,0.4372396257880132,0.06266177782895255,0.004765969400553904,-0.0008805409019324029,0.005646510302486307,0.9999996046249944,0.8432535072238426,0.74712,5.0
H_affymetrix_extended,strict,16_fsqn_r,True,high,0.4999014036169657,0.4372396257880132,0.06266177782895255,0.004765969400553904,-0.0008805409019324029,0.005646510302486307,0.9999996046249944,0.8432535072238426,0.74712,5.0
H_affymetrix_extended,strict,13_fsmvn,False,medium,0.4962598557981514,0.4341679560593084,0.06209189973884299,0.0011244215817395875,-0.003952210630637165,0.005076632212376753,0.9999999957571076,0.4271942845713945,0.5298833333333334,6.0
B_extended_bad,strict,04_sva,False,low,0.6104529634410752,0.5657680953144841,0.044684868126591115,0.002918350116727142,-0.00023231808595192138,0.0031506682026790633,0.9978441510384284,0.7903993902323774,0.752,10.0
E3_iterative_r3,softimpute,36_explobatch,True,medium,0.5909365251216058,0.4127275297628658,0.17820899535873996,0.0009915052803107782,-0.0011597284411336006,0.002151233721444379,1.0,0.8289018212234373,0.71028,10.0
I_rare_batches_removed,strict,04_sva,False,low,0.4552051597820457,0.4192379510206576,0.03596720876138809,0.0016481348484848612,-8.919848074329106e-06,0.0016570546965591904,0.9989162345469254,0.8090406546471416,0.7187777777777778,9.0
E1_iterative_r1,softimpute,36_explobatch,True,medium,0.5899263688162153,0.4115489120264964,0.1783774567897189,0.00050154722267437,-0.0006610443550482681,0.001162591577722638,1.0,0.8658305867040667,0.77815,10.0
E2_iterative_r2,softimpute,36_explobatch,True,medium,0.5899450191804388,0.4138873626511136,0.17605765652932526,0.0005063910854254949,-0.0006408604860249079,0.0011472515714504028,1.0,0.8438911450132098,0.7584299999999999,10.0
A_confirmed_bad,softimpute,36_explobatch,True,medium,0.5882696595739785,0.4110059954376356,0.17726366413634287,0.00037322897084024476,-0.0006562936632579786,0.0010295226340982233,1.0,0.8448254614367924,0.74721,10.0
F_microarray_only,strict,14_qsmooth,False,high,0.4020655562235183,0.3882214550308691,0.013844101192649227,8.756908443818823e-06,-1.1607997191243058e-06,9.917708162943129e-06,0.9209117314557618,0.767128914623204,0.698,6.0
