group,pct_var_pc1,pct_var_pc2,pct_var_pc3,pct_var_pc4,pct_var_pc5,pct_var_pc6,pct_var_pc7,pct_var_pc8,pct_var_pc9,pct_var_pc10,r2_pc1_RNA_BATCH,r2_pc2_RNA_BATCH,r2_pc3_RNA_BATCH,r2_pc4_RNA_BATCH,r2_pc5_RNA_BATCH,r2_pc6_RNA_BATCH,r2_pc7_RNA_BATCH,r2_pc8_RNA_BATCH,r2_pc9_RNA_BATCH,r2_pc10_RNA_BATCH,pcr_RNA_BATCH,kind,tier,destination
01_raw,73.50456297699633,9.725006565122788,3.773873026637349,2.308911123214176,1.637950448842783,1.1656914789593837,0.9362111261884346,0.7035321884041048,0.5829647487179608,0.4937424592934877,0.6475309188870308,0.6586674838792836,0.644184300444395,0.6275414694558394,0.4411146281286136,0.4476367227969945,0.4008339880226624,0.3948981823709668,0.3408206393503279,0.3632055019048146,0.3843206727471527,method,supplementary,A2_T16
02_median_scaling,62.33898495233401,8.342166291883064,5.0704943366959405,3.2654929389260396,2.5574654556349374,1.9395774005599737,1.5122435624392905,1.2003425217537913,1.0522731382220396,0.9302486503583355,0.0871029459608131,0.1559811391870513,0.08706355630475883,0.09149529135447054,0.07568100292425892,0.07121542629563139,0.09565795454380216,0.09278333659710583,0.13292688602060979,0.10522146625107241,0.9067452287770853,method,supplementary,A2_T16
03_limma,67.53679887803898,6.97125376360154,4.547302917819613,2.9849935439397943,2.2032188473835497,1.6839006467349389,1.2652758281590257,1.032827765718696,0.8790661446903644,0.793639214364494,5.390108716872612e-06,6.966737233896105e-05,0.0001798509209307989,0.0013652142561476615,0.0009518358916895581,0.000450580286483174,0.00025989960836840547,8.479264817567429e-06,3.111940439406981e-05,4.609456061339298e-05,0.9999252831174165,method,supplementary,A2_T16
04_sva,68.96246796324957,10.65615101417266,4.242497780231614,2.6516682601117965,1.9227827658851062,1.4172845943915517,1.1253512696605639,0.8670366463552369,0.7160764871793818,0.6170754863252553,0.5660312137569424,0.6511044377965904,0.6067517433990164,0.5866378888299609,0.42850071526423816,0.40199460882305293,0.3655494701826794,0.3683759419263145,0.314928855635208,0.3279471826203897,0.457060069075662,method,supplementary,A2_T16
05_combat,56.626350111825516,10.243527442127874,5.740227998090312,4.318999239681939,2.8625684528994215,2.3853903497804554,1.855678036217773,1.368713657798013,1.1452447282122524,1.0249331614570216,0.21879599643179198,0.5086660245643968,0.3562299076050679,0.25453111248951404,0.09387713901802605,0.07187050417540447,0.05780409565910226,0.04051304502502921,0.051970221830330676,0.05177661296307241,0.7836090142324241,method,supplementary,A2_T16
06_combat_seq,77.64574211881478,6.609539814823738,3.6268285271553107,1.948956373238981,1.2281924365340047,1.0196788509069457,0.8207709706084229,0.6455811569099,0.5396103016208088,0.4658349601710973,0.6377508856258096,0.5505487215946108,0.41918785577135403,0.26281829170951565,0.23161139212579523,0.2691124804990745,0.2163107140022253,0.25985053746884074,0.23525302263296172,0.24012368580135984,0.41679785483972426,method,supplementary,A2_T16
07_pycombat,59.5667951370675,8.511039664476908,5.492127199753424,3.745939947208354,2.7197339287433198,2.0771964887918197,1.5571510203859589,1.317522876892888,1.1406653505569833,1.0128254733856559,8.860972603256698e-05,0.0023891262837016673,0.0006449931272158059,0.0008968081351407198,0.0008561278506710167,0.001964737423224968,0.0008958761212225613,0.0006617570401149515,0.0007786002719233946,0.000805162019327582,0.9993696236331571,method,supplementary,A2_T16
08_inmoose_combatseq,77.41139522443994,6.6433761896987065,3.672066476315046,1.9660313673047525,1.2429457019319674,1.0331959908237887,0.8318477331466733,0.6549974505823715,0.5473046276480293,0.4720689611570004,0.6489783918711015,0.5603913933109798,0.42941179990821116,0.26873241010586035,0.23559735386550335,0.27322158478132025,0.21372455771719034,0.26993678143280403,0.24180742487395657,0.2423615697316291,0.4065044830171482,method,supplementary,A2_T16
09_ruv,36.56105515957969,15.473754485388575,8.80880315389056,6.29545747256578,4.4600109216708335,3.270472968402374,2.551099917441865,2.0568920171266734,1.7450040580269914,1.4960271313887619,0.5491384686672787,0.47994339517988327,0.4896066470120217,0.48607842489517306,0.38205687048335985,0.265421072052728,0.2669477295830916,0.29541679815673616,0.2517013722913638,0.2400366421053231,0.5686212546792137,method,supplementary,A2_T16
10_mnn,33.81141871291348,14.645356757331243,9.70661485739337,6.9122912402173124,5.127651745420203,3.7953995420953506,3.15136940525774,2.6483737297360386,2.2183102771446106,1.9148027613998326,0.4972258121746568,0.3830799186880694,0.2725365491187356,0.19290600801338562,0.15183015534225153,0.11807117020034025,0.10282288958296248,0.08547840858204184,0.09081894974633593,0.08790229247750972,0.693758255244527,method,supplementary,A2_T16
11_harmony,79.93331462208124,6.295025869237088,2.9874558300754526,1.6687869614473716,1.272791177734663,0.9214641275124106,0.6982039083829106,0.576996690367725,0.4922440590704429,0.4385819328960084,0.6191164678071492,0.36733609922518395,0.17752410917392528,0.17378612495751766,0.0639055839317738,0.0775597528196429,0.10034104854000789,0.08338972986270077,0.044572672643230164,0.04560742970035095,0.44865076479564536,method,supplementary,A2_T16
12_scanorama,41.67113718855837,17.224676923515545,9.312127028445705,5.6245930078563635,3.7859465791091353,2.8068305389941313,2.1758232573109844,1.7510446274620892,1.427215986063524,1.2095170628731782,0.7086951616464621,0.6452394001565148,0.48634542749499765,0.33331895726719035,0.2293126829455782,0.2421141644989691,0.21305257481797635,0.18675066178747654,0.12829193543706094,0.12970805002910626,0.4856748072006116,method,supplementary,A2_T16
13_fsmvn,49.06297351835085,10.147143206128513,6.132491850232469,4.591001681920275,3.5997562700812993,2.709305754047383,2.089003039045177,1.6530873693231496,1.4574635718278028,1.3198078574566439,5.1678360643200474e-06,1.0565287736052851e-06,3.156508660091495e-05,6.49401387328761e-06,2.9584338083892513e-05,7.166726792708822e-06,3.251956197846184e-05,0.00020208687374396856,0.0002976542781943584,0.00023890135272809358,0.9999551183802162,method,supplementary,A2_T16
14_qsmooth,53.68291822636348,13.548254452272529,6.528356626252474,4.397483240306704,3.157853641743211,2.3400261093486865,1.8147874927748973,1.5483094365570778,1.2037885371097257,0.9615516152906567,0.908476572180334,0.6705696473731286,0.6313395094390547,0.5730346244609653,0.45904570606254713,0.31056360047404274,0.36070113683294763,0.3649796751463032,0.3232328297192427,0.35439633774475976,0.2881221876953034,method,supplementary,A2_T16
15_fsqn_py,24.86895751236074,15.282537774320609,10.143770526913778,7.636127109744775,5.406252787332084,4.347484139034016,3.349286329429511,2.6654028182808016,2.23167897226125,1.8634541826701905,0.6158309991702732,0.7196911961625782,0.5965216506813347,0.5244895518969152,0.41013192437876256,0.42443399884078126,0.3540156451427015,0.40920953727301307,0.36756478590930475,0.4252833220939437,0.5113731591627348,method,supplementary,A2_T16
16_fsqn_r,52.2086815657515,9.330089643529064,5.816555167439354,4.141735756150454,3.374003171832886,2.2943101726742565,1.7702614263701903,1.504054996659989,1.3623192780775735,1.234538473866886,0.16512679895681792,0.18592060876927433,0.16482822455224433,0.15036332305475786,0.1109516952993734,0.10809866703147795,0.09027104487954941,0.08394887813681357,0.09734275153326441,0.09811683256170266,0.8336563901930522,method,supplementary,A2_T16
17_quantile,25.104352287284172,15.227421337584222,10.163495712371107,7.657173788103099,5.40684264750619,4.2944232429917175,3.336177307869619,2.6647727200834983,2.207130703587544,1.8568310239236792,0.6152302936993483,0.7196104731214958,0.5959684286647151,0.5237148141838271,0.41651496610566324,0.4212650204469787,0.3778652436726057,0.42110916301121903,0.37247863937361214,0.4239099100656233,0.5100321808135183,method,supplementary,A2_T16
18_rank,25.335132757567493,15.190145006883123,9.99168180364395,7.583267118840503,5.490179278192604,4.33880317799929,3.4775596702843337,2.769282361751967,2.2645931562272503,1.9053871606135022,0.6301070423330968,0.7117035329163347,0.5987394791904309,0.5181948951480261,0.45446156893539696,0.403656133582143,0.40802948570104747,0.3943084655260291,0.3858683709169779,0.4328571211085814,0.5035850803331952,method,supplementary,A2_T16
19_tdm,69.48901252051185,12.027836040639249,3.3977979849501776,2.2582638653485287,1.7350863242305092,1.296187639367582,1.0675934442687753,0.8998917851456987,0.7439165898514541,0.6242438137140702,0.6246226110411529,0.6449231875201732,0.6125118851502145,0.6032708795761506,0.5009039803057109,0.5044563846061918,0.4331826395670833,0.43647827524592164,0.4114208434589738,0.3429827848227701,0.3988603708849724,method,supplementary,A2_T16
20_shambhala,23.838182740240928,15.285450437794358,10.879788040701058,8.140078477136365,5.653491600236796,4.045115250812483,3.039215295012974,2.4842979626296926,2.085012616310247,1.8158732000045221,0.7421638492504951,0.5998847558504207,0.5819030086134156,0.5111074806571624,0.4469293840595559,0.4408344909454,0.3592218767275145,0.41064757667157087,0.4175002360641889,0.40027781901811366,0.4912104254431988,method,supplementary,A2_T16
21_harmonizr,49.57461283494364,9.679836639651562,6.142857678134821,4.75541977876601,3.6332619010655187,3.0711649338419367,2.33192010967024,1.8061708708641355,1.4790424401981697,1.29107245654714,0.08253063534281531,0.19266834116748502,0.2643323141143454,0.1714691637593602,0.12236987528366541,0.10600756863506897,0.06139909334733346,0.01820374685418661,0.03567339056553643,0.07175547880301937,0.8990329754468837,method,supplementary,A2_T16
22_tmm,26.211681693780587,14.688512601877264,10.014975884689546,7.5729773134324025,5.299281583762288,3.9040977207892493,3.1348330957182924,2.4273609971724652,2.080296706516387,1.8637442235603512,0.5641508676997081,0.08269051165963913,0.1496383278517278,0.09051264386283113,0.06064205567037747,0.037874514245372096,0.05886313970381412,0.04901673127834145,0.06417680885177841,0.037519749052359566,0.7884439321757868,method,supplementary,A2_T16
23_vst,30.03633600798483,17.08296049536392,9.475260734583507,6.6981998124631446,4.582475330000783,3.589038780821967,2.791875111684797,2.086177992453783,1.827409942452655,1.6178601735694054,0.47555582049773243,0.24635068679769875,0.21610292367422432,0.058411286917220535,0.046103841626692066,0.054968677963935314,0.04742396873377008,0.08475747611491428,0.03743373676405807,0.03578121238942213,0.7648888436651079,method,supplementary,A2_T16
25_angel,17.33515199455433,11.333252907242624,8.146147199697046,6.056097807278914,4.937834661350274,3.9102206000129036,3.426581750639687,3.083125184716342,2.825323661573909,2.5492483373339887,0.15945024910998978,0.1782922096235216,0.23101479158368865,0.32091487541668884,0.29281826704546043,0.34249052493125925,0.3048963604091274,0.372761145392662,0.27390974686894765,0.28164051677989554,0.7878772713902842,method,supplementary,A2_T16
26_xpn,41.121014241561085,12.598752112147489,6.134292059898463,4.9405454933172175,4.0082853012224176,2.979486587805658,2.2545276034499646,1.8871096386898836,1.673163156118884,1.5420247643059033,0.038365962509824325,0.1751590387187251,0.089876718985622,0.043568656586452724,0.05310648308226485,0.07014258512408814,0.0875890208524521,0.07436631410842005,0.05697937567090159,0.05908814494069497,0.9337867075653223,method,supplementary,A2_T16
27_dwd,79.47271214956349,8.777705233232147,2.748517453063465,1.6101282236316494,1.2280960668895002,0.8104349275381779,0.6656525862763722,0.5130686868213095,0.4146563760945505,0.34409724697350513,0.7356595900919077,0.6629435580346483,0.7002218065115836,0.6938885463512472,0.4400035953473842,0.43863424988064187,0.4596753581380882,0.4679585453594412,0.43610352216260084,0.36172229342389206,0.2943809062895521,method,supplementary,A2_T16
28_npn,43.339809078043146,13.153076403910484,6.123321329399444,4.948129237291954,3.935997573911571,2.8989816158173265,2.2498870998741096,1.8171181323475556,1.624708391876261,1.4668033401257647,0.0012598192866127432,0.0008985135332723462,0.0002248409393209697,0.0002789582540721264,6.505657155024258e-05,0.00026353135659056584,0.0002458675026403944,0.00028033952957548904,0.00017829510660594456,0.00020018996608926653,0.9992368446535042,method,supplementary,A2_T16
29_combat_ref,57.25808758844232,10.973458992836319,5.495062488096331,3.9850469318812536,2.7548234593024756,2.3271097375819174,1.9044031247901776,1.3169423341194784,1.0983500636330672,1.0031553342513484,0.26146786009817286,0.527009146399124,0.43143419483515616,0.3103915136328816,0.06911338490540474,0.07556236623374045,0.043880043308195414,0.04018466760982097,0.054999240016069914,0.05679285423987543,0.7565538367142484,method,supplementary,A2_T16
31_ruv3prps,62.44277824721684,11.30276521182891,5.171806017082342,3.461194583217342,2.457641044397031,1.8606346772070954,1.4662703210914039,1.1121434482613934,0.9349810091799107,0.7959537361453691,0.6956307865588303,0.7218495984556919,0.6535420697196531,0.5847295389835658,0.5110644762541813,0.5157669576782445,0.42752807089597605,0.3497803638193977,0.2955855374108374,0.36577445977972634,0.3872883653771881,method,supplementary,A2_T16
33_amdbnorm,27.587581203767538,11.599007934031789,7.7425328998515415,6.501520458752364,5.6213301028274,3.9252624010617763,3.245256139961327,2.661013625488406,2.294702912069269,2.041701451498564,3.606040588208887e-33,1.102467822100835e-32,2.318694599889414e-32,2.499286482476179e-32,5.779083170024179e-33,8.02989405633378e-32,1.7450889761150384e-32,5.738957763163891e-32,2.8577424145693997e-31,4.850570735316696e-32,1.0,method,supplementary,A2_T16
36_explobatch,70.58291920618377,10.316622800175013,4.170221513130855,2.652518134773286,1.8244485518234277,1.3418922288224129,1.0717589204727962,0.7950150174983588,0.6667280119752456,0.5687860003095632,0.6166622750234564,0.6575066686172804,0.6328165716578547,0.6112067590627016,0.47074690308952116,0.46070680468364755,0.38731135570224856,0.3789549820362641,0.31166602037754,0.3799750673754175,0.41772754313440424,method,supplementary,A2_T16
A_confirmed_bad,48.20319838160598,11.887196711075344,6.87333682261927,4.95258296861183,3.5391551896668574,2.791885291920094,2.197970303977058,1.7869067078435736,1.475991156398154,1.2740307673563969,0.4613180447030964,0.51369368662285,0.4529558247970308,0.39770758435927417,0.29644036716923666,0.3118942646254575,0.3151643676165357,0.27016087362898644,0.21956354964939562,0.2716164669683627,0.594500011742125,strategy,supplementary,A2_T16
B_extended_bad,49.322228573016105,11.242044680847615,6.996670346374526,4.977061625548869,3.5404751740695963,2.7304532273321995,2.133675772170175,1.7166898214293003,1.4421823668908302,1.253545646903104,0.44116474191212407,0.4648763220544187,0.41666021450818935,0.32240005869745364,0.2524316959627734,0.30467274284044055,0.24069438557246686,0.2691724053468155,0.2198206266682929,0.21751534260192046,0.6286386316310938,strategy,supplementary,A2_T16
C_rnaseq_only,30.380482106419706,13.836572031939678,9.27534075224813,7.055647781513635,4.769972584962409,3.7885802531410944,2.760270347476116,2.2896008975052857,1.9998688741589767,1.7561937389207727,0.28791622968006536,0.15032977811244808,0.09753544852106222,0.09286491762623068,0.05966389792513806,0.04008928847800136,0.04137228315229201,0.027185040390463797,0.02976348378532185,0.026077829605511398,0.8594706539510242,strategy,supplementary,A2_T16
D_malignant_only,55.75717351837284,10.471368658413022,5.443347250363687,4.060751335842725,3.1397145052376296,2.2408456927470897,1.7266323086185713,1.4595446998389006,1.2804125073899182,1.1095124509962953,0.4865209086235588,0.45199320202183263,0.48568234254384746,0.4359549181888129,0.3400247750837148,0.20689904024588807,0.26257998953253797,0.30872801839301706,0.2562762031282386,0.3119866415578494,0.5530750977979441,strategy,supplementary,A2_T16
E1_iterative_r1,48.358445715465,11.637119068923566,7.084479499880893,5.061402829191768,3.560834346187329,2.740173651014112,2.1727524750268667,1.7625569085234052,1.4730025784306742,1.2802945914120647,0.45865828326350755,0.5115615683712571,0.4363114437789096,0.4001908337211425,0.26925353718295764,0.30291415764863777,0.2947454282160174,0.25544533386513857,0.22911594585416464,0.2461060659951668,0.6027208696027198,strategy,supplementary,A2_T16
E2_iterative_r2,48.22651070188765,11.676269307588234,7.049445297158747,5.0162978474815025,3.5802204968528497,2.7331707732080526,2.2040104246138017,1.7724936735761376,1.489105753277369,1.2893075432415075,0.4532139711026143,0.50450870835249,0.4325773502249701,0.3645623624935214,0.2759001399080635,0.3050243510676908,0.2930110268190621,0.26264987790276184,0.2253922876147007,0.242516593933914,0.609559239962266,strategy,supplementary,A2_T16
E3_iterative_r3,48.03131907663602,11.572960810616536,7.278395483880947,5.057545370867132,3.57334957370978,2.7678727867272475,2.195350264455581,1.7571929063665128,1.4688253185007398,1.276645915617538,0.4457673420147806,0.49311531515941226,0.4321968229581732,0.3631860899701483,0.2376991896919474,0.3119269150568812,0.26180303400397553,0.2546154622320326,0.22434748877386626,0.23295883513879131,0.6203033446661633,strategy,supplementary,A2_T16
F_microarray_only,60.80651628694908,11.221062625825889,5.298378098022908,3.203335636567177,2.316622873464237,1.8047430546188197,1.482519817103429,1.196438900585379,0.9866619318390587,0.8658153562192346,0.45541581769949274,0.4656110801138527,0.39412632097512845,0.3753394688753172,0.3117891292477029,0.3287668733788809,0.24755364155257362,0.28456718783837676,0.27359554080892234,0.3130042920876922,0.571267696159907,strategy,supplementary,A2_T16
G_affymetrix_only,66.03429640602408,9.98048618510649,4.972075122206862,2.922781610241691,1.9932276900456567,1.4815341368258668,1.1753887287337006,0.9750375570001247,0.8440020674881612,0.726146583380797,0.188785875302456,0.23802665349337257,0.11991724027519926,0.07183656339151934,0.05050347172243993,0.03157918059042656,0.029329281133675663,0.015754154713407062,0.02061304144425063,0.02005500719023062,0.8532842594666081,strategy,supplementary,A2_T16
H_affymetrix_extended,57.553284899994885,11.884529937290441,6.00709354260299,3.6629736951128105,2.744668685221138,2.0692481907605997,1.6432620312863284,1.2650223807770749,1.0329736584327296,0.9102877323450195,0.29388997919833393,0.3934014636484828,0.37747811334609954,0.32562685426930227,0.2732439065438065,0.1844509876863539,0.19588569783383866,0.14680314703558914,0.15169824779625904,0.13444945852582554,0.7221150205142441,strategy,supplementary,A2_T16
I_rare_batches_removed,55.425205338098856,9.270841413402891,5.647341783422691,4.2600615108393916,3.33640638616395,2.54884830066164,1.989048049819296,1.5423670648834118,1.3039859781488026,1.1222582275170567,0.427875239465309,0.4754694391359763,0.43348522612091717,0.3779754002597641,0.28285432301658037,0.23547997129349327,0.1925430198833354,0.24438194310427863,0.22638675807533784,0.21445502713955444,0.6064952844919963,strategy,supplementary,A2_T16
J_ff_only,48.774161905355754,11.403688753792585,6.192840216309894,4.40903658649962,3.5566923582175876,2.453492974998714,2.0083304769360684,1.705447242610654,1.4909329383589418,1.3066897650855418,0.4790707418892111,0.4441744778209545,0.29188649029772296,0.30707868637539154,0.22828778485591047,0.18567606868505954,0.21119254591637834,0.2480461977461514,0.21928032902716643,0.19141661769616447,0.617363246664097,strategy,supplementary,A2_T16
K_ffpe_only,50.77941652209409,12.32628866845278,5.799502689548666,4.329607487805561,3.3944022758406582,2.593921917606365,2.1037365903245235,1.677977924839696,1.4370988372080682,1.2674142295018809,0.5713942201673406,0.3698438946395161,0.338583310162368,0.26225640336773803,0.25697004768286347,0.27434056200159307,0.23174521012656804,0.2004345457274729,0.17087377809621496,0.19684436824749474,0.5309130144705959,strategy,supplementary,A2_T16
S0_no_removal,56.24333178997803,10.559070654278223,5.243730971291804,3.9222681418403087,3.0764289804963787,2.374843583701706,1.8250596194066089,1.4279741836540323,1.2340107141591705,1.0694869658672699,0.47585355656011136,0.49735950058434114,0.46746439976987253,0.4167170999669492,0.3388554828076172,0.3311398179982762,0.2026985085992961,0.29353521155517764,0.2998436017585697,0.2754183503591251,0.5568175939125002,strategy,supplementary,A2_T16
clustermap best,37.89615859439696,11.555644498833088,7.624220524272287,5.469268147835773,4.28965699661151,3.3427417448220558,2.553668725218761,2.2338895081271812,1.9628123201633598,1.7543147304838393,0.22927828934542377,0.15165240009720232,0.10951987112366075,0.128192035488814,0.050940436658284155,0.08046729770352591,0.05859607724980943,0.0479166814183253,0.05385490084971559,0.05217746634660362,0.8572015307152713,group,supplementary,A2_T16
"01_raw, S0_no_removal",82.51750536530028,8.629485025844565,1.6795811136608607,1.2812191604268035,0.9443755201971481,0.6658126477683878,0.5093294432122365,0.4288519447597417,0.3723763324409412,0.30383892357748715,0.7708652669385324,0.5955226176342082,0.8383709224965478,0.7624123813742364,0.665473605176842,0.654080393342286,0.4601397192993327,0.5927703687634555,0.5693446755444089,0.5036386666805818,0.2612214860733446,group,supplementary,A2_T16
