metric_class,method,n_elected,n_class_total
L,01_raw,55,112
L,36_explobatch,38,112
L,13_fsmvn,7,112
L,02_median_scaling,7,112
L,04_sva,4,112
L,03_limma,1,112
M,10_mnn,61,112
M,12_scanorama,51,112
N,05_combat,32,112
N,29_combat_ref,20,112
N,06_combat_seq,16,112
N,08_inmoose_combatseq,16,112
N,25_angel,10,112
N,20_shambhala,6,112
N,14_qsmooth,4,112
N,10_mnn,3,112
N,18_rank,2,112
N,12_scanorama,1,112
N,01_raw,1,112
N,27_dwd,1,112
clustermap_best,04_sva,5,15
clustermap_best,16_fsqn_r,4,15
clustermap_best,10_mnn,4,15
clustermap_best,13_fsmvn,1,15
clustermap_best,33_amdbnorm,1,15
composite,16_fsqn_r,18,112
composite,13_fsmvn,18,112
composite,26_xpn,11,112
composite,33_amdbnorm,9,112
composite,21_harmonizr,9,112
composite,07_pycombat,6,112
composite,03_limma,4,112
composite,10_mnn,4,112
composite,11_harmony,3,112
composite,22_tmm,3,112
composite,14_qsmooth,3,112
composite,02_median_scaling,3,112
composite,19_tdm,3,112
composite,01_raw,2,112
composite,20_shambhala,2,112
composite,18_rank,2,112
composite,31_ruv3prps,2,112
composite,36_explobatch,2,112
composite,17_quantile,2,112
composite,15_fsqn_py,2,112
composite,12_scanorama,1,112
composite,04_sva,1,112
composite,09_ruv,1,112
composite,23_vst,1,112
distributional,16_fsqn_r,12,112
distributional,13_fsmvn,11,112
distributional,26_xpn,9,112
distributional,10_mnn,9,112
distributional,02_median_scaling,7,112
distributional,22_tmm,6,112
distributional,07_pycombat,6,112
distributional,25_angel,6,112
distributional,03_limma,6,112
distributional,09_ruv,5,112
distributional,12_scanorama,5,112
distributional,20_shambhala,5,112
distributional,21_harmonizr,5,112
distributional,23_vst,4,112
distributional,19_tdm,3,112
distributional,18_rank,3,112
distributional,04_sva,3,112
distributional,17_quantile,2,112
distributional,33_amdbnorm,2,112
distributional,05_combat,1,112
distributional,06_combat_seq,1,112
distributional,08_inmoose_combatseq,1,112
global,13_fsmvn,59,112
global,03_limma,27,112
global,33_amdbnorm,10,112
global,16_fsqn_r,9,112
global,07_pycombat,6,112
global,28_npn,1,112
local,10_mnn,19,112
local,04_sva,11,112
local,16_fsqn_r,9,112
local,05_combat,6,112
local,28_npn,6,112
local,21_harmonizr,6,112
local,02_median_scaling,5,112
local,07_pycombat,4,112
local,26_xpn,4,112
local,19_tdm,3,112
local,36_explobatch,3,112
local,31_ruv3prps,3,112
local,22_tmm,3,112
local,20_shambhala,3,112
local,17_quantile,3,112
local,18_rank,3,112
local,01_raw,3,112
local,15_fsqn_py,3,112
local,14_qsmooth,3,112
local,13_fsmvn,3,112
local,11_harmony,3,112
local,09_ruv,3,112
local,23_vst,2,112
local,12_scanorama,1,112
structural,16_fsqn_r,18,112
structural,02_median_scaling,15,112
structural,10_mnn,10,112
structural,13_fsmvn,8,112
structural,33_amdbnorm,7,112
structural,26_xpn,7,112
structural,03_limma,7,112
structural,29_combat_ref,6,112
structural,28_npn,6,112
structural,21_harmonizr,6,112
structural,07_pycombat,6,112
structural,05_combat,4,112
structural,04_sva,2,112
structural,12_scanorama,2,112
structural,22_tmm,2,112
structural,15_fsqn_py,2,112
structural,18_rank,1,112
structural,14_qsmooth,1,112
structural,23_vst,1,112
structural,17_quantile,1,112
