batch,n_classes,n_folds,median_f1,median_auc,median_n_samples
GPL13158_FF_Unknown,1,1383,1.0,,40.0
GPL13938_FFPE_Unknown,1,595,0.0694,,167.0
GPL14951_FFPE_Unknown,1,791,0.9039,,810.0
GPL16686_FF_Unknown,1,1393,1.0,,48.0
GPL17077_FF_Unknown,1,886,1.0,,33.0
GPL1708_FF_Unknown,1,1359,0.5185,,40.0
GPL17586_FF_Unknown,1,1423,0.5185,,40.0
GPL20188_FF_Unknown,1,1407,1.0,,68.0
GPL23541_FF_Unknown,1,1234,1.0,,35.0
GPL570_FFPE_Unknown,1,1859,0.7758,,800.0
GPL570_FF_Unknown,2,156,0.9105,0.98475,744.0
GPL570_FF_Unknown,3,1683,0.881,0.9864,994.0
GPL570_Unknown_Unknown,2,1630,0.714,0.90865,908.0
GPL6244_FF_Unknown,1,156,0.89035,,119.0
GPL6244_FF_Unknown,2,1173,0.6501,0.9965,131.0
GPL8432_FFPE_Unknown,1,793,0.96,,130.0
GPL887_FFPE_Unknown,1,743,0.0,,24.0
GPL96+97_FF_Unknown,2,156,0.863,0.98035,269.0
GPL96+97_FF_Unknown,3,1589,0.8848,0.9827,305.0
GPL96_FFPE_Unknown,2,1696,0.45604999999999996,0.6921,84.0
GPL96_FF_Unknown,2,153,0.9154,0.9904,125.0
GPL96_FF_Unknown,3,1564,0.8873,0.9896,133.0
RNASeq_FFPE_Exome_capture,2,1549,0.8703,0.9753,891.0
RNASeq_FFPE_PolyA,2,1421,0.7667,0.9368,35.0
RNASeq_FF_PolyA,2,156,0.5102,0.88525,914.0
RNASeq_FF_PolyA,3,1419,0.5645,0.9518,1039.0
RNASeq_FF_Total,2,154,0.8014,0.98,28.0
RNASeq_FF_Total,3,1234,0.7902,0.9893,32.0
RNASeq_FF_Unknown,1,1414,0.9467,,79.0
RNASeq_FF_rRNADepletion,2,1577,0.4933,0.7883,117.0
__ALL__,1,15436,0.9033,,48.0
__ALL__,2,9821,0.6295,0.9224,125.0
__ALL__,3,7489,0.8045,0.9842,305.0
