,global,local,distributional,structural,composite,L,M,N,clustermap_best
global,1.0,0.037037037037037035,0.06666666666666667,0.08737864077669903,0.09803921568627451,0.004484304932735426,0.0,0.0,0.0
local,0.037037037037037035,1.0,0.2947976878612717,0.0821256038647343,0.46405228758169936,0.027522935779816515,0.05660377358490566,0.013574660633484163,0.07627118644067797
distributional,0.06666666666666667,0.2947976878612717,1.0,0.05660377358490566,0.28735632183908044,0.03225806451612903,0.01818181818181818,0.013574660633484163,0.049586776859504134
structural,0.08737864077669903,0.0821256038647343,0.05660377358490566,1.0,0.2947976878612717,0.01818181818181818,0.04186046511627907,0.04672897196261682,0.024193548387096774
composite,0.09803921568627451,0.46405228758169936,0.28735632183908044,0.2947976878612717,1.0,0.03225806451612903,0.027522935779816515,0.009009009009009009,0.058333333333333334
L,0.004484304932735426,0.027522935779816515,0.03225806451612903,0.01818181818181818,0.03225806451612903,1.0,0.0,0.004484304932735426,0.0
M,0.0,0.05660377358490566,0.01818181818181818,0.04186046511627907,0.027522935779816515,0.0,1.0,0.0,0.024193548387096774
N,0.0,0.013574660633484163,0.013574660633484163,0.04672897196261682,0.009009009009009009,0.004484304932735426,0.0,1.0,0.0
clustermap_best,0.0,0.07627118644067797,0.049586776859504134,0.024193548387096774,0.058333333333333334,0.0,0.024193548387096774,0.0,1.0
