metric_class,label,fold_cut,metric,kruskal_H,kruskal_p,epsilon_sq,n_low,mean_low,median_low,mad_low,n_medium,mean_medium,median_medium,mad_medium,n_high,mean_high,median_high,mad_high,mw_p_low_medium,mw_p_low_high,mw_p_medium_high,highest_tier_by_median,lowest_tier_by_median,tier,destination
L,Mean within-cohort marker correlation,-,mk_rho_mean_markers,340.063995235526,1.4323253805703997e-74,0.15153025335523354,344,0.9822068020817162,0.9980639224614002,0.001936077538599812,1042,0.7456255217569606,0.8801151419625046,0.11988094798538601,848,0.9268280778325121,0.9218930159444629,0.05755699132781528,3.685157718345271e-51,9.153822044813707e-84,5.802298309869104e-05,low,medium,main,Table 1
L,Marker minus housekeeping correlation,-,mk_rho_marker_minus_hk,139.33383024824036,5.546808729547732e-31,0.06291059562448025,344,0.010358483659959339,-1.6500817963116532e-06,8.856364120607418e-05,1042,0.051744564594341146,0.0093867697865792,0.02034681334314275,800,0.029031306008155545,0.030909061499175598,0.03198359920685545,5.527641900039722e-32,1.0555225551295238e-14,9.54497278198837e-07,high,low,main,Table 1
M,Same-biology cross-batch agreement,-,xb_rank_agree,287.13079959727014,4.4703247633956234e-63,0.12786134511088348,344,0.651245704847934,0.6906403305521649,0.07185620477957116,1042,0.7044455346727186,0.7011858557318409,0.10683878822887727,847,0.4772673370623765,0.5068228121204665,0.1885072326631272,9.409092804902829e-06,2.2306480833844822e-20,4.504802662295363e-61,medium,high,main,Table 1
M,Different-biology cross-batch agreement,-,xb_rank_disagree_diffbio,215.074399865893,1.982382566614946e-47,0.09554905823582646,344,0.5763177803104315,0.5857687601506849,0.09748731579743752,1042,0.6393350237048446,0.6139579065260051,0.1380762411304212,847,0.43821921431468475,0.4652710115794149,0.18847574708462328,9.681029602318226e-05,9.599032466492044e-14,3.206826143016806e-47,medium,high,main,Table 1
M,Same- minus different-biology margin,-,xb_margin,132.87606846869772,1.4006458651335523e-29,0.05868881994112005,344,0.07492792453750256,0.05359461581580155,0.0263000250284251,1042,0.06511051096787386,0.04508221767611599,0.04399972155213333,847,0.03904812274769166,0.030137160872730384,0.021767071020280637,1.9166546669775775e-06,2.0807736876464903e-30,2.4502555704234328e-14,low,high,main,Table 1
N,LOBO3 macro F1,all folds,pv_lobo3_f1_macro_mean,51.63493868721218,6.132188937881345e-12,0.0222578200391086,344,0.6279935936696168,0.6307887288537821,0.15900709981972444,1042,0.6957377138857057,0.7124577520578218,0.12965449804159956,847,0.6756262222255266,0.714516624157022,0.09605053245033279,2.7283725852906837e-12,6.601199362127593e-07,0.001925071802222248,high,low,main,Table 1
N,LOBO3 macro F1,multiclass folds,f1_mc_mean,11.786453030745545,0.0027580633912576034,0.004507808858012687,333,0.6452864190055857,0.6572666666666667,0.0799266666666667,1016,0.6657066338902239,0.6778466666666667,0.08377000000000001,825,0.6643392735712099,0.67786,0.06606999999999996,0.0013740288580696997,0.0016202409515586596,0.6568381640742964,high,low,main,Table 1
N,LOBO3 macro AUC,multiclass folds (only),pv_lobo3_auc_macro_mean,0.7167853796988615,0.6987986099992984,-0.0005910707601571343,333,0.878101353442546,0.8831986614267394,0.03196805020605342,1016,0.8738703847816445,0.8876415638968469,0.04144794818067071,825,0.876811401513178,0.890323599128515,0.03407930081044641,0.42625516567906907,0.5130894116677608,0.7313099517187551,high,low,main,Table 1
N,LOBO2 macro F1,all folds,pv_lobo2_f1_macro_mean,32.62309977069507,8.241075511175106e-08,0.0137323317357377,344,0.6671846710600771,0.6540235817014795,0.10166944366090624,1042,0.7113740880554766,0.7148925290721373,0.08421533613070165,847,0.7048010780924681,0.7054662861937866,0.07259642545512701,3.8914062207101515e-08,1.495978950718929e-06,0.17349392418344023,medium,low,main,Table 1
N,LOBO2 macro F1,multiclass folds,f1_mc2_mean,17.91109877649504,0.00012901919215833419,0.007328926198293432,333,0.7060821781305114,0.7261500000000001,0.061461111111110966,1016,0.7238373923181477,0.7423354166666667,0.06382916666666666,825,0.7267509853294852,0.7458,0.055187500000000056,0.00033445058901738025,1.9104712382746718e-05,0.6044382330436538,high,low,main,Table 1
N,LOBO2 macro AUC,multiclass folds (only),pv_lobo2_auc_macro_mean,1.480738201892421,0.4769378448192957,-0.00023918092957511705,333,0.8883251589580649,0.9005580035592714,0.0346765791406386,1016,0.8793054085068019,0.9042559732597919,0.03681329861660948,825,0.8854733867671635,0.9039710966107082,0.043107189094781395,0.9107560934292852,0.5548848692547306,0.21601485161928446,medium,low,main,Table 1
