run_id,strat,imp,method,post_rm,harshness_level,is_clustermap_best,is_prediction_best,is_confirmed_bad,is_degenerate_folds,is_raw,n_mc,n_folds_total,frac_singleclass,generalizability_index,pv_lobo3_f1_macro_mean,f1_mc_mean,pv_lobo2_f1_macro_mean,mk_rho_mean_markers,xb_margin_delta,f1_mc_min,pct_pv_lobo3_f1_macro_mean,pct_f1_mc_mean,pct_pv_lobo2_f1_macro_mean,pct_mk_rho_mean_markers,pct_xb_margin_delta,pct_f1_mc_min
S0_no_removal__strict__29_combat_ref__post1,S0_no_removal,strict,29_combat_ref,True,medium,False,True,False,False,False,11.0,23.0,0.5217391304347826,0.8861621838448367,0.9344634457653228,0.8657727272727272,0.9361002071849596,0.952579423471682,0.07613700958094405,0.5414,0.9820868786386028,0.9972401103955841,0.9847738468428123,0.5040286481647269,0.9256605463502016,0.9231830726770929
J_ff_only__softimpute__29_combat_ref__post0,J_ff_only,softimpute,29_combat_ref,False,medium,False,True,False,False,False,7.0,15.0,0.5333333333333333,0.8861495413298859,0.9352329586095156,0.8630142857142857,0.9298637018678426,0.9435248855517734,0.04444895664334403,0.6389,0.9825347066726378,0.9963201471941122,0.9816390506045678,0.5,0.8674429019256605,0.9889604415823368
J_ff_only__knn__29_combat_ref__post0,J_ff_only,knn,29_combat_ref,False,medium,False,True,False,False,False,7.0,15.0,0.5333333333333333,0.8853909742964304,0.9319921607461434,0.8560857142857143,0.9293744972569864,0.9435350486311624,0.044530226418483476,0.6375,0.9802955665024631,0.9944802207911684,0.9811912225705329,0.5004476275738585,0.8678907299596955,0.9880404783808647
J_ff_only__strict__29_combat_ref__post0,J_ff_only,strict,29_combat_ref,False,medium,False,True,False,False,False,7.0,15.0,0.5333333333333333,0.8852761459463935,0.9344501063376752,0.8613428571428571,0.9336545302362772,0.9423337198489072,0.04408094183580691,0.6373,0.9816390506045678,0.9949402023919043,0.9834303627407076,0.4982094897045658,0.8665472458575907,0.9868905243790248
E3_iterative_r3__strict__05_combat__post0,E3_iterative_r3,strict,05_combat,False,medium,False,True,False,False,False,10.0,18.0,0.4444444444444444,0.8830055235854318,0.9084372631606106,0.83779,0.8763104951343669,0.9560596806314248,0.08017697107262434,0.5855,0.9686520376175548,0.984820607175713,0.9408866995073891,0.5067144136078783,0.9323779668607255,0.9645814167433303
J_ff_only__strict__29_combat_ref__post1,J_ff_only,strict,29_combat_ref,True,medium,False,True,False,False,False,7.0,14.0,0.5,0.8827407132181847,0.9299139020848672,0.8616428571428572,0.925539435964468,0.9405567281336636,0.041701327623204,0.6373,0.9780564263322884,0.9954001839926403,0.9789520824003582,0.495076096687556,0.8620689655172413,0.9868905243790248
J_ff_only__softimpute__29_combat_ref__post1,J_ff_only,softimpute,29_combat_ref,True,medium,False,True,False,False,False,7.0,14.0,0.5,0.8825186911555,0.9304894758139446,0.8627857142857144,0.921096664601323,0.9417857630393858,0.04205558966177181,0.6373,0.9785042543663234,0.9958601655933763,0.974473802060009,0.4968666069829902,0.8625167935512763,0.9868905243790248
E3_iterative_r3__strict__05_combat__post1,E3_iterative_r3,strict,05_combat,True,medium,False,True,False,False,False,10.0,17.0,0.4117647058823529,0.8824791399969416,0.903198269467223,0.8367799999999999,0.8802113721342913,0.9551135584471648,0.08038303888889098,0.5855,0.9623824451410659,0.983900643974241,0.9462606359158083,0.5049239033124441,0.9328257948947604,0.9645814167433303
J_ff_only__knn__29_combat_ref__post1,J_ff_only,knn,29_combat_ref,True,medium,False,True,False,False,False,7.0,14.0,0.5,0.8824036623452867,0.9313601663596962,0.8645285714285714,0.9205463094141096,0.941796370927137,0.04210209088933836,0.6358,0.9789520824003582,0.9967801287948482,0.9731303179579042,0.4973142345568487,0.8629646215853113,0.985280588776449
I_rare_batches_removed__strict__29_combat_ref__post0,I_rare_batches_removed,strict,29_combat_ref,False,medium,False,True,False,False,False,9.0,15.0,0.4,0.8790979311451127,0.9057351088224294,0.8431666666666666,0.921568018700598,0.943412952632612,0.07334801485364056,0.5414,0.9668607254814151,0.9862005519779209,0.9762651141961487,0.4995523724261415,0.922525750111957,0.9231830726770929
J_ff_only__knn__05_combat__post0,J_ff_only,knn,05_combat,False,medium,False,True,False,False,False,7.0,15.0,0.5333333333333333,0.8777775553188234,0.9285184946142768,0.8504428571428572,0.9100497601820076,0.943691093294109,0.0352737320844938,0.6013,0.9776085982982534,0.9921803127874885,0.967756381549485,0.500895255147717,0.8549037169726825,0.9733210671573137
J_ff_only__strict__05_combat__post0,J_ff_only,strict,05_combat,False,medium,False,True,False,False,False,7.0,15.0,0.5333333333333333,0.8777292625966582,0.9277485299474711,0.8497,0.911855077990645,0.9424867050719914,0.03750817126747652,0.5963,0.9767129422301836,0.9917203311867525,0.9690998656515898,0.4986571172784244,0.8589341692789969,0.9712511499540019
J_ff_only__strict__05_combat__post1,J_ff_only,strict,05_combat,True,medium,False,True,False,False,False,7.0,14.0,0.5,0.8756457090913847,0.9239112712541874,0.8505428571428572,0.9039845490434496,0.940714964393773,0.034985664886121204,0.5963,0.9749216300940439,0.9931002759889604,0.9655172413793104,0.4955237242614145,0.8535602328705777,0.9712511499540019
C_rnaseq_only__softimpute__05_combat__post0,C_rnaseq_only,softimpute,05_combat,False,medium,False,False,False,False,False,5.0,6.0,0.16666666666666663,0.8752500999036411,0.8471228898394099,0.8272,0.8365778827424857,0.9831225994285708,0.11441102920128898,0.6462,0.8705776981639051,0.9774609015639374,0.8875951634572324,0.553715308863026,0.9708911777877295,0.9912603495860166
I_rare_batches_removed__strict__29_combat_ref__post1,I_rare_batches_removed,strict,29_combat_ref,True,medium,False,True,False,False,False,9.0,14.0,0.3571428571428571,0.8747403012135707,0.8894957965809186,0.8284555555555556,0.921677762359177,0.9470687044685904,0.07068933999446808,0.5414,0.948499776085983,0.9797608095676172,0.9767129422301836,0.5031333930170099,0.9171518137035378,0.9231830726770929
