column,n_matched_keys,median_20_shambhala,median_P0std_Q0std,max_abs_diff,identical
asw_batch_norm_COHORT_LABEL,84,0.7061578239798896,0.7061578239798896,0.0,True
asw_batch_norm_PLATFORM_RNA,84,0.8479043686002101,0.8479043686002101,0.0,True
asw_batch_norm_RNASEQ_SOURCE,84,0.8864005637943098,0.8864005637943098,0.0,True
asw_batch_norm_RNA_BATCH,84,0.8284652988289652,0.8284652988289652,0.0,True
asw_bio_norm_Diagnosis_cell_type_unified,84,0.48563742755604367,0.48563742755604367,0.0,True
asw_bio_norm_Major_group,84,0.5134732630552175,0.5134732630552175,0.0,True
asw_bio_norm_TUMOR_NORMAL,84,0.5723053369508713,0.5723053369508713,0.0,True
clisi_mean_Diagnosis_cell_type_unified,84,1.3434699291829526,1.3434699291829526,0.0,True
clisi_mean_Major_group,84,1.107909602368098,1.107909602368098,0.0,True
clisi_mean_TUMOR_NORMAL,84,1.0092034073936984,1.0092034073936984,0.0,True
cms_fraction_mixed_COHORT_LABEL,84,0.6494897541542743,0.6494897541542743,0.0,True
cms_fraction_mixed_PLATFORM_RNA,84,0.36481826654240446,0.36481826654240446,0.0,True
cms_fraction_mixed_RNASEQ_SOURCE,84,0.8472530666821696,0.8472530666821696,0.0,True
cms_fraction_mixed_RNA_BATCH,84,0.6618354951075636,0.6618354951075636,0.0,True
compute_time_s,84,2547.8999999999996,0.3,6819.2,False
dist_ratio_COHORT_LABEL,84,0.5875726462542683,0.5875726462542683,0.0,True
dist_ratio_Diagnosis_cell_type_unified,84,0.887645458733769,0.887645458733769,0.0,True
dist_ratio_Major_group,84,0.8746762434288985,0.8746762434288985,0.0,True
dist_ratio_PLATFORM_RNA,84,0.8377330730569748,0.8377330730569748,0.0,True
dist_ratio_RNASEQ_SOURCE,84,0.9037293137089744,0.9037293137089744,0.0,True
dist_ratio_RNA_BATCH,84,0.751691423094204,0.751691423094204,0.0,True
dist_ratio_TUMOR_NORMAL,84,0.8984325965361805,0.8984325965361805,0.0,True
dsc_COHORT_LABEL,84,46.18993598272236,46.18993598272236,3.552713678800501e-15,True
dsc_PLATFORM_RNA,84,1.1469243974965277,1.1469243974965277,2.220446049250313e-16,True
dsc_RNASEQ_SOURCE,84,0.1808704318626855,0.1808704318626855,0.0,True
dsc_RNA_BATCH,84,2.5856851774431293,2.5856851774431293,0.0,True
fraction_cohorts_bimodal,84,0.938647997591087,0.938647997591087,0.0,True
fraction_cohorts_zero_inflated_bimodal,84,0.0,0.0,0.0,True
graph_connectivity_Diagnosis_cell_type_unified,84,0.8247222222222221,0.8247222222222221,0.0,True
graph_connectivity_Major_group,84,0.6083333333333333,0.6083333333333333,0.0,True
graph_connectivity_TUMOR_NORMAL,84,0.1732142857142857,0.1732142857142857,0.0,True
ilisi_norm_COHORT_LABEL,84,0.00640609880431135,0.00640609880431135,0.0,True
ilisi_norm_PLATFORM_RNA,84,0.0019684039777803503,0.0019684039777803503,0.0,True
ilisi_norm_RNASEQ_SOURCE,84,0.04179337788824155,0.04179337788824155,0.0,True
ilisi_norm_RNA_BATCH,84,0.0066456130009337495,0.0066456130009337495,0.0,True
kbet_acceptance_rate_COHORT_LABEL,84,0.0,0.0,0.0,True
kbet_acceptance_rate_PLATFORM_RNA,84,0.0013995972607462,0.0013995972607462,0.0,True
kbet_acceptance_rate_RNASEQ_SOURCE,84,0.01780431107354185,0.01780431107354185,0.0,True
kbet_acceptance_rate_RNA_BATCH,84,0.0,0.0,0.0,True
ks_cohort_within_batch_frac_sig,84,0.789459913520064,0.789459913520064,0.0,True
ks_cohort_within_batch_mean_D,84,0.5328042531852515,0.5328042531852515,0.0,True
ks_frac_sig_COHORT_LABEL,84,0.8592570023961001,0.8592570023961001,0.0,True
ks_frac_sig_PLATFORM_RNA,84,0.9115049528583364,0.9115049528583364,0.0,True
ks_frac_sig_RNA_BATCH,84,0.9152426520847572,0.9152426520847572,0.0,True
ks_mean_D_COHORT_LABEL,84,0.7217437428711625,0.7217437428711625,0.0,True
ks_mean_D_PLATFORM_RNA,84,0.6842562355595058,0.6842562355595058,0.0,True
ks_mean_D_RNA_BATCH,84,0.6476857748239894,0.6476857748239894,0.0,True
pct_genes_noNA,84,100.0,100.0,0.0,True
pct_na_cells,84,0.0,0.0,0.0,True
pct_samples_noNA,84,100.0,100.0,0.0,True
per_gene_batch_mean_cv_COHORT_LABEL,84,0.12342221222008865,0.12342221222008865,0.0,True
per_gene_batch_mean_cv_PLATFORM_RNA,84,0.1254833710563636,0.1254833710563636,0.0,True
per_gene_batch_mean_cv_RNA_BATCH,84,0.1209423009426226,0.1209423009426226,0.0,True
tsne_centroid_disp_COHORT_LABEL,84,0.9438377022743224,0.9438377022743224,0.0,True
tsne_centroid_disp_PLATFORM_RNA,84,1.0013152956962585,1.0013152956962585,0.0,True
tsne_centroid_disp_RNASEQ_SOURCE,84,0.2417579516768455,0.2417579516768455,0.0,True
tsne_centroid_disp_RNA_BATCH,84,0.9469866156578064,0.9469866156578064,0.0,True
tsne_entropy_norm_COHORT_LABEL,84,0.057364077153183604,0.057364077153183604,0.0,True
tsne_entropy_norm_PLATFORM_RNA,84,0.0083527356434609,0.0083527356434609,0.0,True
tsne_entropy_norm_RNASEQ_SOURCE,84,0.055908133672372795,0.055908133672372795,0.0,True
tsne_entropy_norm_RNA_BATCH,84,0.02941885076069095,0.02941885076069095,0.0,True
umap_centroid_disp_COHORT_LABEL,84,0.879443347454071,0.879443347454071,0.0,True
umap_centroid_disp_PLATFORM_RNA,84,0.9932931959629058,0.9932931959629058,0.0,True
umap_centroid_disp_RNASEQ_SOURCE,84,0.309040904045105,0.309040904045105,0.0,True
umap_centroid_disp_RNA_BATCH,84,0.9124943017959594,0.9124943017959594,0.0,True
umap_entropy_norm_COHORT_LABEL,84,0.0615105579346805,0.0615105579346805,0.0,True
umap_entropy_norm_PLATFORM_RNA,84,0.01073426346756425,0.01073426346756425,0.0,True
umap_entropy_norm_RNASEQ_SOURCE,84,0.06170570482507035,0.06170570482507035,0.0,True
umap_entropy_norm_RNA_BATCH,84,0.03420997449725685,0.03420997449725685,0.0,True
wm_COHORT_LABEL,84,0.26894648234254176,0.26894648234254176,0.0,True
wm_Diagnosis_cell_type_unified,84,0.3117941443673993,0.3117941443673993,0.0,True
wm_Major_group,84,0.3995143340782539,0.3995143340782539,0.0,True
wm_PLATFORM_RNA,84,0.3793253072566448,0.3793253072566448,0.0,True
wm_RNASEQ_SOURCE,84,0.47105040882690463,0.47105040882690463,0.0,True
wm_RNA_BATCH,84,0.34991052018779467,0.34991052018779467,0.0,True
wm_TUMOR_NORMAL,84,0.4301749433519366,0.4301749433519366,0.0,True
wm_mean_batch,84,0.36877339414636157,0.36877339414636157,0.0,True
wm_mean_bio,84,0.37944274267523825,0.37944274267523825,0.0,True
wm_ratio_bio_batch,84,1.01389514028835,1.01389514028835,0.0,True
