top_frac,set_size,set_a,set_b,n_intersection,jaccard,rank_in_threshold,spearman_vs_5pct,spearman_p_vs_5pct,tier,destination
0.025,56,global,local,0,0.0,23.0,0.8007176304389485,4.534748209356646e-09,supplementary,A2_T3c
0.025,56,global,distributional,5,0.04672897196261682,8.0,0.8007176304389485,4.534748209356646e-09,supplementary,A2_T3c
0.025,56,global,structural,4,0.037037037037037035,10.0,0.8007176304389485,4.534748209356646e-09,supplementary,A2_T3c
0.025,56,global,composite,4,0.037037037037037035,10.0,0.8007176304389485,4.534748209356646e-09,supplementary,A2_T3c
0.025,56,global,L,0,0.0,23.0,0.8007176304389485,4.534748209356646e-09,supplementary,A2_T3c
0.025,56,global,M,0,0.0,23.0,0.8007176304389485,4.534748209356646e-09,supplementary,A2_T3c
0.025,56,global,N,0,0.0,23.0,0.8007176304389485,4.534748209356646e-09,supplementary,A2_T3c
0.025,56,global,clustermap_best,0,0.0,23.0,0.8007176304389485,4.534748209356646e-09,supplementary,A2_T3c
0.025,56,local,distributional,13,0.13131313131313133,4.0,0.8007176304389485,4.534748209356646e-09,supplementary,A2_T3c
0.025,56,local,structural,1,0.009009009009009009,18.0,0.8007176304389485,4.534748209356646e-09,supplementary,A2_T3c
0.025,56,local,composite,32,0.4,1.0,0.8007176304389485,4.534748209356646e-09,supplementary,A2_T3c
0.025,56,local,L,4,0.037037037037037035,10.0,0.8007176304389485,4.534748209356646e-09,supplementary,A2_T3c
0.025,56,local,M,0,0.0,23.0,0.8007176304389485,4.534748209356646e-09,supplementary,A2_T3c
0.025,56,local,N,1,0.009009009009009009,18.0,0.8007176304389485,4.534748209356646e-09,supplementary,A2_T3c
0.025,56,local,clustermap_best,5,0.07575757575757576,5.0,0.8007176304389485,4.534748209356646e-09,supplementary,A2_T3c
0.025,56,distributional,structural,3,0.027522935779816515,15.0,0.8007176304389485,4.534748209356646e-09,supplementary,A2_T3c
0.025,56,distributional,composite,18,0.19148936170212766,2.0,0.8007176304389485,4.534748209356646e-09,supplementary,A2_T3c
0.025,56,distributional,L,1,0.009009009009009009,18.0,0.8007176304389485,4.534748209356646e-09,supplementary,A2_T3c
0.025,56,distributional,M,1,0.009009009009009009,18.0,0.8007176304389485,4.534748209356646e-09,supplementary,A2_T3c
0.025,56,distributional,N,0,0.0,23.0,0.8007176304389485,4.534748209356646e-09,supplementary,A2_T3c
0.025,56,distributional,clustermap_best,3,0.04411764705882353,9.0,0.8007176304389485,4.534748209356646e-09,supplementary,A2_T3c
0.025,56,structural,composite,17,0.17894736842105263,3.0,0.8007176304389485,4.534748209356646e-09,supplementary,A2_T3c
0.025,56,structural,L,1,0.009009009009009009,18.0,0.8007176304389485,4.534748209356646e-09,supplementary,A2_T3c
0.025,56,structural,M,6,0.05660377358490566,7.0,0.8007176304389485,4.534748209356646e-09,supplementary,A2_T3c
0.025,56,structural,N,0,0.0,23.0,0.8007176304389485,4.534748209356646e-09,supplementary,A2_T3c
0.025,56,structural,clustermap_best,2,0.028985507246376812,14.0,0.8007176304389485,4.534748209356646e-09,supplementary,A2_T3c
0.025,56,composite,L,3,0.027522935779816515,15.0,0.8007176304389485,4.534748209356646e-09,supplementary,A2_T3c
0.025,56,composite,M,4,0.037037037037037035,10.0,0.8007176304389485,4.534748209356646e-09,supplementary,A2_T3c
0.025,56,composite,N,0,0.0,23.0,0.8007176304389485,4.534748209356646e-09,supplementary,A2_T3c
0.025,56,composite,clustermap_best,4,0.05970149253731343,6.0,0.8007176304389485,4.534748209356646e-09,supplementary,A2_T3c
0.025,56,L,M,0,0.0,23.0,0.8007176304389485,4.534748209356646e-09,supplementary,A2_T3c
0.025,56,L,N,0,0.0,23.0,0.8007176304389485,4.534748209356646e-09,supplementary,A2_T3c
0.025,56,L,clustermap_best,0,0.0,23.0,0.8007176304389485,4.534748209356646e-09,supplementary,A2_T3c
0.025,56,M,N,0,0.0,23.0,0.8007176304389485,4.534748209356646e-09,supplementary,A2_T3c
0.025,56,M,clustermap_best,1,0.014285714285714285,17.0,0.8007176304389485,4.534748209356646e-09,supplementary,A2_T3c
0.025,56,N,clustermap_best,0,0.0,23.0,0.8007176304389485,4.534748209356646e-09,supplementary,A2_T3c
0.05,112,global,local,8,0.037037037037037035,16.0,1.0,0.0,supplementary,A2_T3c
0.05,112,global,distributional,14,0.06666666666666667,9.0,1.0,0.0,supplementary,A2_T3c
0.05,112,global,structural,18,0.08737864077669903,6.0,1.0,0.0,supplementary,A2_T3c
0.05,112,global,composite,20,0.09803921568627451,5.0,1.0,0.0,supplementary,A2_T3c
0.05,112,global,L,1,0.004484304932735426,28.0,1.0,0.0,supplementary,A2_T3c
0.05,112,global,M,0,0.0,30.0,1.0,0.0,supplementary,A2_T3c
0.05,112,global,N,0,0.0,30.0,1.0,0.0,supplementary,A2_T3c
0.05,112,global,clustermap_best,0,0.0,30.0,1.0,0.0,supplementary,A2_T3c
0.05,112,local,distributional,51,0.2947976878612717,2.0,1.0,0.0,supplementary,A2_T3c
0.05,112,local,structural,17,0.0821256038647343,7.0,1.0,0.0,supplementary,A2_T3c
0.05,112,local,composite,71,0.46405228758169936,1.0,1.0,0.0,supplementary,A2_T3c
0.05,112,local,L,6,0.027522935779816515,19.0,1.0,0.0,supplementary,A2_T3c
0.05,112,local,M,12,0.05660377358490566,11.0,1.0,0.0,supplementary,A2_T3c
0.05,112,local,N,3,0.013574660633484163,25.0,1.0,0.0,supplementary,A2_T3c
0.05,112,local,clustermap_best,9,0.07627118644067797,8.0,1.0,0.0,supplementary,A2_T3c
0.05,112,distributional,structural,12,0.05660377358490566,11.0,1.0,0.0,supplementary,A2_T3c
0.05,112,distributional,composite,50,0.28735632183908044,4.0,1.0,0.0,supplementary,A2_T3c
0.05,112,distributional,L,7,0.03225806451612903,17.0,1.0,0.0,supplementary,A2_T3c
0.05,112,distributional,M,4,0.01818181818181818,23.0,1.0,0.0,supplementary,A2_T3c
0.05,112,distributional,N,3,0.013574660633484163,25.0,1.0,0.0,supplementary,A2_T3c
0.05,112,distributional,clustermap_best,6,0.049586776859504134,13.0,1.0,0.0,supplementary,A2_T3c
0.05,112,structural,composite,51,0.2947976878612717,2.0,1.0,0.0,supplementary,A2_T3c
0.05,112,structural,L,4,0.01818181818181818,23.0,1.0,0.0,supplementary,A2_T3c
0.05,112,structural,M,9,0.04186046511627907,15.0,1.0,0.0,supplementary,A2_T3c
0.05,112,structural,N,10,0.04672897196261682,14.0,1.0,0.0,supplementary,A2_T3c
0.05,112,structural,clustermap_best,3,0.024193548387096774,21.0,1.0,0.0,supplementary,A2_T3c
0.05,112,composite,L,7,0.03225806451612903,17.0,1.0,0.0,supplementary,A2_T3c
0.05,112,composite,M,6,0.027522935779816515,19.0,1.0,0.0,supplementary,A2_T3c
0.05,112,composite,N,2,0.009009009009009009,27.0,1.0,0.0,supplementary,A2_T3c
0.05,112,composite,clustermap_best,7,0.058333333333333334,10.0,1.0,0.0,supplementary,A2_T3c
0.05,112,L,M,0,0.0,30.0,1.0,0.0,supplementary,A2_T3c
0.05,112,L,N,1,0.004484304932735426,28.0,1.0,0.0,supplementary,A2_T3c
0.05,112,L,clustermap_best,0,0.0,30.0,1.0,0.0,supplementary,A2_T3c
0.05,112,M,N,0,0.0,30.0,1.0,0.0,supplementary,A2_T3c
0.05,112,M,clustermap_best,3,0.024193548387096774,21.0,1.0,0.0,supplementary,A2_T3c
0.05,112,N,clustermap_best,0,0.0,30.0,1.0,0.0,supplementary,A2_T3c
0.1,223,global,local,50,0.12626262626262627,10.0,0.8813816381094706,1.2916078962482232e-12,supplementary,A2_T3c
0.1,223,global,distributional,49,0.12342569269521411,11.0,0.8813816381094706,1.2916078962482232e-12,supplementary,A2_T3c
0.1,223,global,structural,86,0.2388888888888889,6.0,0.8813816381094706,1.2916078962482232e-12,supplementary,A2_T3c
0.1,223,global,composite,95,0.2706552706552707,5.0,0.8813816381094706,1.2916078962482232e-12,supplementary,A2_T3c
0.1,223,global,L,10,0.022935779816513763,25.0,0.8813816381094706,1.2916078962482232e-12,supplementary,A2_T3c
0.1,223,global,M,14,0.032407407407407406,20.0,0.8813816381094706,1.2916078962482232e-12,supplementary,A2_T3c
0.1,223,global,N,4,0.00904977375565611,32.0,0.8813816381094706,1.2916078962482232e-12,supplementary,A2_T3c
0.1,223,global,clustermap_best,1,0.004219409282700422,34.0,0.8813816381094706,1.2916078962482232e-12,supplementary,A2_T3c
0.1,223,local,distributional,122,0.3765432098765432,4.0,0.8813816381094706,1.2916078962482232e-12,supplementary,A2_T3c
0.1,223,local,structural,80,0.2185792349726776,7.0,0.8813816381094706,1.2916078962482232e-12,supplementary,A2_T3c
0.1,223,local,composite,145,0.48172757475083056,1.0,0.8813816381094706,1.2916078962482232e-12,supplementary,A2_T3c
0.1,223,local,L,10,0.022935779816513763,25.0,0.8813816381094706,1.2916078962482232e-12,supplementary,A2_T3c
0.1,223,local,M,56,0.14358974358974358,9.0,0.8813816381094706,1.2916078962482232e-12,supplementary,A2_T3c
0.1,223,local,N,12,0.027649769585253458,22.0,0.8813816381094706,1.2916078962482232e-12,supplementary,A2_T3c
0.1,223,local,clustermap_best,10,0.043859649122807015,16.0,0.8813816381094706,1.2916078962482232e-12,supplementary,A2_T3c
0.1,223,distributional,structural,71,0.18933333333333333,8.0,0.8813816381094706,1.2916078962482232e-12,supplementary,A2_T3c
0.1,223,distributional,composite,129,0.4069400630914827,3.0,0.8813816381094706,1.2916078962482232e-12,supplementary,A2_T3c
0.1,223,distributional,L,20,0.046948356807511735,15.0,0.8813816381094706,1.2916078962482232e-12,supplementary,A2_T3c
0.1,223,distributional,M,46,0.115,12.0,0.8813816381094706,1.2916078962482232e-12,supplementary,A2_T3c
0.1,223,distributional,N,7,0.015945330296127564,29.0,0.8813816381094706,1.2916078962482232e-12,supplementary,A2_T3c
0.1,223,distributional,clustermap_best,8,0.034782608695652174,19.0,0.8813816381094706,1.2916078962482232e-12,supplementary,A2_T3c
0.1,223,structural,composite,135,0.4340836012861736,2.0,0.8813816381094706,1.2916078962482232e-12,supplementary,A2_T3c
0.1,223,structural,L,12,0.027649769585253458,22.0,0.8813816381094706,1.2916078962482232e-12,supplementary,A2_T3c
0.1,223,structural,M,33,0.07990314769975787,13.0,0.8813816381094706,1.2916078962482232e-12,supplementary,A2_T3c
0.1,223,structural,N,10,0.022935779816513763,25.0,0.8813816381094706,1.2916078962482232e-12,supplementary,A2_T3c
0.1,223,structural,clustermap_best,7,0.030303030303030304,21.0,0.8813816381094706,1.2916078962482232e-12,supplementary,A2_T3c
0.1,223,composite,L,15,0.03480278422273782,18.0,0.8813816381094706,1.2916078962482232e-12,supplementary,A2_T3c
0.1,223,composite,M,30,0.07211538461538461,14.0,0.8813816381094706,1.2916078962482232e-12,supplementary,A2_T3c
0.1,223,composite,N,5,0.011337868480725623,31.0,0.8813816381094706,1.2916078962482232e-12,supplementary,A2_T3c
0.1,223,composite,clustermap_best,10,0.043859649122807015,16.0,0.8813816381094706,1.2916078962482232e-12,supplementary,A2_T3c
0.1,223,L,M,2,0.0045045045045045045,33.0,0.8813816381094706,1.2916078962482232e-12,supplementary,A2_T3c
0.1,223,L,N,11,0.02528735632183908,24.0,0.8813816381094706,1.2916078962482232e-12,supplementary,A2_T3c
0.1,223,L,clustermap_best,0,0.0,35.0,0.8813816381094706,1.2916078962482232e-12,supplementary,A2_T3c
0.1,223,M,N,9,0.020594965675057208,28.0,0.8813816381094706,1.2916078962482232e-12,supplementary,A2_T3c
0.1,223,M,clustermap_best,3,0.01276595744680851,30.0,0.8813816381094706,1.2916078962482232e-12,supplementary,A2_T3c
0.1,223,N,clustermap_best,0,0.0,35.0,0.8813816381094706,1.2916078962482232e-12,supplementary,A2_T3c
