set_a,set_b,n_a,n_b,n_intersection,n_union,jaccard,expected_intersection,p_more_than_chance,p_less_than_chance,tier,destination
global,local,112,112,8,216,0.037037037037037035,5.615040286481647,0.19551105261551202,0.8953947052600505,supplementary,A2_T3b
global,distributional,112,112,14,210,0.06666666666666667,5.615040286481647,0.0010591996514972156,0.9996761884985359,supplementary,A2_T3b
global,structural,112,112,18,206,0.08737864077669903,5.615040286481647,5.756174921872604e-06,0.9999987063750034,supplementary,A2_T3b
global,composite,112,112,20,204,0.09803921568627451,5.615040286481647,2.707957278391714e-07,0.9999999470971378,supplementary,A2_T3b
global,L,112,112,1,223,0.004484304932735426,5.615040286481647,0.997295281462325,0.019575921589189197,supplementary,A2_T3b
global,M,112,112,0,224,0.0,5.615040286481647,1.0,0.0027047185376749892,supplementary,A2_T3b
global,N,112,112,0,224,0.0,5.615040286481647,1.0,0.0027047185376749892,supplementary,A2_T3b
global,clustermap_best,112,15,0,127,0.0,0.7520143240823635,1.0,0.461159317067531,supplementary,A2_T3b
local,distributional,112,112,51,173,0.2947976878612717,5.615040286481647,4.893367488897909e-41,1.0,supplementary,A2_T3b
local,structural,112,112,17,207,0.0821256038647343,5.615040286481647,2.3806138630722955e-05,0.9999942438250782,supplementary,A2_T3b
local,composite,112,112,71,153,0.46405228758169936,5.615040286481647,9.476754562789315e-75,1.0,supplementary,A2_T3b
local,L,112,112,6,218,0.027522935779816515,5.615040286481647,0.4958943822407511,0.6713748834259321,supplementary,A2_T3b
local,M,112,112,12,212,0.05660377358490566,5.615040286481647,0.008776749492568226,0.9968146949899334,supplementary,A2_T3b
local,N,112,112,3,221,0.013574660633484163,5.615040286481647,0.9287665006777823,0.17473684268529838,supplementary,A2_T3b
local,clustermap_best,112,15,9,118,0.07627118644067797,0.7520143240823635,5.668646750189704e-09,0.9999999998357406,supplementary,A2_T3b
distributional,structural,112,112,12,212,0.05660377358490566,5.615040286481647,0.008776749492568226,0.9968146949899334,supplementary,A2_T3b
distributional,composite,112,112,50,174,0.28735632183908044,5.615040286481647,1.3406351497120406e-39,1.0,supplementary,A2_T3b
distributional,L,112,112,7,217,0.03225806451612903,5.615040286481647,0.32862511657406795,0.804488947384488,supplementary,A2_T3b
distributional,M,112,112,4,220,0.01818181818181818,5.615040286481647,0.8252631573147016,0.32738371737456873,supplementary,A2_T3b
distributional,N,112,112,3,221,0.013574660633484163,5.615040286481647,0.9287665006777823,0.17473684268529838,supplementary,A2_T3b
distributional,clustermap_best,112,15,6,121,0.049586776859504134,0.7520143240823635,4.803958747563364e-05,0.9999969499471797,supplementary,A2_T3b
structural,composite,112,112,51,173,0.2947976878612717,5.615040286481647,4.893367488897909e-41,1.0,supplementary,A2_T3b
structural,L,112,112,4,220,0.01818181818181818,5.615040286481647,0.8252631573147016,0.32738371737456873,supplementary,A2_T3b
structural,M,112,112,9,215,0.04186046511627907,5.615040286481647,0.10460529473994955,0.9495049180816939,supplementary,A2_T3b
structural,N,112,112,10,214,0.04672897196261682,5.615040286481647,0.050495081918306074,0.9779234947066848,supplementary,A2_T3b
structural,clustermap_best,112,15,3,124,0.024193548387096774,0.7520143240823635,0.03590852050588,0.9946805604631938,supplementary,A2_T3b
composite,L,112,112,7,217,0.03225806451612903,5.615040286481647,0.32862511657406795,0.804488947384488,supplementary,A2_T3b
composite,M,112,112,6,218,0.027522935779816515,5.615040286481647,0.4958943822407511,0.6713748834259321,supplementary,A2_T3b
composite,N,112,112,2,222,0.009009009009009009,5.615040286481647,0.9804240784108108,0.07123349932221765,supplementary,A2_T3b
composite,clustermap_best,112,15,7,120,0.058333333333333334,0.7520143240823635,3.0500528203130483e-06,0.9999998503402099,supplementary,A2_T3b
L,M,112,112,0,224,0.0,5.615040286481647,1.0,0.0027047185376749892,supplementary,A2_T3b
L,N,112,112,1,223,0.004484304932735426,5.615040286481647,0.997295281462325,0.019575921589189197,supplementary,A2_T3b
L,clustermap_best,112,15,0,127,0.0,0.7520143240823635,1.0,0.461159317067531,supplementary,A2_T3b
M,N,112,112,0,224,0.0,5.615040286481647,1.0,0.0027047185376749892,supplementary,A2_T3b
M,clustermap_best,112,15,3,124,0.024193548387096774,0.7520143240823635,0.03590852050588,0.9946805604631938,supplementary,A2_T3b
N,clustermap_best,112,15,0,127,0.0,0.7520143240823635,1.0,0.461159317067531,supplementary,A2_T3b
