method,A_confirmed_bad,B_extended_bad,C_rnaseq_only,D_malignant_only,E1_iterative_r1,E2_iterative_r2,E3_iterative_r3,F_microarray_only,G_affymetrix_only,H_affymetrix_extended,I_rare_batches_removed,J_ff_only,K_ffpe_only,S0_no_removal
01_raw,0,0,0,0,0,0,0,0,0,0,0,0,0,0
02_median_scaling,0,0,0,0,0,0,0,0,0,0,0,0,0,0
03_limma,0,0,0,0,0,0,0,0,0,0,0,0,0,0
04_sva,0,0,0,0,0,0,0,0,0,0,0,0,0,0
05_combat,0,0,0,0,0,0,0,0,0,0,0,0,0,0
06_combat_seq,0,0,0,0,0,0,0,0,0,0,0,0,0,0
07_pycombat,0,0,0,0,0,0,0,0,0,0,0,0,0,0
08_inmoose_combatseq,0,0,0,0,0,0,0,0,0,0,0,0,0,0
09_ruv,0,0,0,0,0,0,0,0,0,0,0,0,0,0
10_mnn,0,0,0,0,0,0,0,0,0,0,0,0,0,0
11_harmony,0,0,0,0,0,0,0,0,0,0,0,0,0,0
12_scanorama,0,0,0,0,0,0,0,0,0,0,0,0,0,0
13_fsmvn,0,0,0,0,0,0,0,0,0,0,0,0,0,0
14_qsmooth,0,0,0,0,0,0,0,0,0,0,0,0,0,0
15_fsqn_py,0,0,0,0,0,0,0,0,0,0,0,0,0,0
16_fsqn_r,0,0,0,0,0,0,0,0,0,0,0,0,0,0
17_quantile,0,0,0,0,0,0,0,0,0,0,0,0,0,0
18_rank,0,0,0,0,0,0,0,0,0,0,0,0,0,0
19_tdm,0,0,0,0,0,0,0,0,0,0,0,0,0,0
20_shambhala,0,0,0,0,0,0,0,0,0,0,0,0,0,0
21_harmonizr,6,6,6,0,6,6,6,0,0,0,0,6,0,6
22_tmm,0,0,0,0,0,0,0,0,0,0,0,0,0,0
23_vst,0,0,0,0,0,0,0,0,0,0,0,0,0,0
25_angel,0,0,0,0,0,0,0,0,0,0,0,0,0,0
26_xpn,0,0,0,0,0,0,0,0,0,0,0,0,0,0
27_dwd,0,0,0,0,0,0,0,0,0,0,0,0,0,0
28_npn,0,0,0,0,0,0,0,0,0,0,0,0,0,0
29_combat_ref,0,0,0,0,0,0,0,0,0,0,0,0,0,0
31_ruv3prps,0,0,0,0,0,0,0,0,0,0,0,0,0,0
33_amdbnorm,0,0,0,0,0,0,0,0,0,0,0,0,0,0
36_explobatch,0,0,0,0,0,0,0,0,0,0,0,0,0,0
