;Method;Full name;Data type;Category;Description;Replicate-based  ;PMID
1;AMDBNorm;Adjustment Mean Distribution-Based Normalization;RNA-seq/microarray;LS;"AMDBNorm uses ""reference batch"" to align the samples for each batch with the ""reference distribution"" and adjusts the gene mean to a comparable level, so that data from different batches had not only the consistent distribution characteristic but also the comparable level of gene expression.";Y;34958674
2;batchCorr;;LC-MS metabolomics;LS;BatchCorr uses between-batch feature alignment and within-batch cluster-based drift correction to analyze batch data. Normalization is achieved using reference sample intensity or population-based median normalization.;Y;27746707
3;BMC;Batch Mean-centering;RNA-seq/microarray, scRNA-seq, DNA methylation, LC-MS/MS proteomics, LC-MS/MS metabolomics;LS;BMC is to set the mean of each feature across all the samples within each batch to zero. This approach is applied based on log2-transformed expressions.;N;/
4;B-MIS;Best-Matched Internal Standard;LC-MS metabolomics;LS;B-MIS is a batch-specific method to normalize peak areas, which matches measured metabolites with isotope-labeled internal standards that behave similarly during the analysis.;N;29239170
5;BRIDGE;Batch effect Reduction of mIcroarray data with Dependent samples usinG Empirical bayes;RNA-seq/microarray;LS;BRIDGE is a three-step parametric empirical Bayes approach that leverages technical replicate samples profiled at multiple timepoints/batches, so-called “bridge samples”, to inform batch-effect reduction/attenuation in multi-batch studies.;Y;34905304
6;ComBat ;Combining Batches of microarray data;RNA-seq/microarray, scRNA-seq, LC-MS/MS proteomics, LC-MS/MS metabolomics;LS;ComBat (combining batches of microarray data) applies Empirical Bayes estimation to adjust the mean and the variance by pooling information across multiple genes in order to perform gene-wise batch corrections for mean and variance. ;N;16632515
7;ComBat-seq;ComBat for RNA-seq;RNA-seq;LS;ComBat-seq extends the original ComBat framework to RNA-seq data using negative binomial regression that retains the integer nature of count data in RNA-seq studies.;N;33015620
8;DWD;Distance Weight Discrimination;microarray;LS;The DWD method corrects batch effects by weighting the contributions of similar samples. It identifies for each test sample the nearest samples within each batch based on distance in feature space. The correction is a weighted combination of the identified nearest samples, with samples closer in distance receiving higher weights.;N;22368246
9;M-ComBat;modified ComBat;microarray;LS;M-Combat is designed specifically in the context of meta-analysis and batch effect adjustment for use with predictive models that are validated and fixed on historical data from a 'gold-standard' batch.;N;25887219
10;PEER;probabilistic estimation of expression residuals;RNA-seq/microarray, scRNA-seq;LS;PEER is a Bayesian approach to inferring hidden determinants and their effects from gene expression profiles by using factor analysis methods.;N;"20463871; 22343431"
11;QC-RLSC;Quality Control–based Robust LOESS (locally estimated scatterplot smoothing) Signal Correction;MS metabolomics;LS;QC-RLSC corrects drift in signal for metabolic features in subject samples by bracketing QC samples and correcting temporal shifts. A low-order nonlinear locally estimated smoothing function (LOESS) is fitted, and a correction curve is interpolated, normalizing the total data set for each feature.;Y;21720319
12;Ratio;;RNA-seq/microarray, scRNA-seq, DNA methylation, LC-MS/MS proteomics, LC-MS/MS metabolomics;LS;Within each batch, ratio-based scaling transforms expression profiles into relative-scale profiles, feature by feature. By subtracting the mean of the log2-transformed expression profiles of the reference sample in the same batch from the log2-transformed expression profiles of a feature, ratio-based scaling data are produced.;Y;/
13;reComBat;a regularized version of ComBat;RNA-seq/microarray;LS;reComBat replaces a linear regression with a regularized linear regression model to handle highly correlated batch-sample situations. ;N;36699372
14;Remeasure;;RNA-seq;LS;The Remeasure method is a batch effect correction approach that utilizes a subset of samples measured in both batches to estimate and adjust for batch effects. ;Y;38177326
15;XPN;cross-platform normalization;RNA-seq/microarray;LS;XPN is based on a block-linear model by first clustering similar genes and samples into blocks by k -means clustering, and then fitting a combination of additive and multiplicative weights within each block.;N;31904810
16;Z-scaled;;RNA-seq/microarray, scRNA-seq, DNA methylation, LC-MS/MS proteomics, LC-MS/MS metabolomics;LS;After the transformation, each feature will have zero-mean and unit s.d. across all samples within each batch. This approach is applied based on log2-transformed expressions.;N;/
17;ARSyN;ANOVA-simultaneous components analysis Removal of Systematic Noise;microarray;MF;ARSyN relies on the analysis of variance (ANOVA)-simultaneous components analysis (ASCA) framework to decompose the omic signal into experimental effects, the batch effect, and residuals. ARSyN applies PCA to estimate the systematic variation due to batch effect and then removes it from the original data.;N;22085896
18;cFIT;common factor integration and transfer learning;scRNA-seq;MF;cFIT assumes a shared common factor space across datasets but with location-scale shifts on genewise expression unique by domain. The model parameters are learned under and iterative non-negative matrix factorization (NMF) framework and then used for synchronized intefration from across-domain assays. ;N;33658382
19;DASC ;Data-Adaptive Shrinkage and Clustering ;RNA-seq/microarray, scRNA-seq;MF;DASC uses a semi-non-negative matrix factorization (semi-NMF) method to obtain the estimation of the hidden batch factors associated with the samples.;N;29617963
20;dSVA;Direct surrogate variable analysis;RNA-seq/microarray;MF;dSVA is based on the observation that naïve estimators of the effects of the primary variables are biased when the effects of hidden factors are ignored in the analysis, but the bias can be estimated and removed using singular value decomposition on residuals. The asymptotic properties of their estimators are derived using techniques developed for the ultrahigh-dimensional regime. There is also a connection between their estimating procedure and the restricted least-squares method;N;29430031
21;EigenMS;;LC-MS proteomics, LC-MS metabolomics;MF;EigenMS detects batch effect directions via singular value decomposition. It constructs a distance matrix from sample expression profiles, then performs dimensionality reduction to estimate batch effects. Finally it removes the batch effect components to achieve correction.;N;"19602524; 25549083"
22;exploBATCH;exploring batch effect;microarray;MF;exploBATCH firstly employs probabilistic principal component and covariates analysis (PPCCA) to evaluate and detect the presence of significant batch effects by statistically testing if the samples are distributed according to batches in the principal subspace. It then subtracts the batch effect on each affected PC to recover the batch-corrected expression data.;N;28883548
23;FAbatch;Factor Adjustment;microarray, DNA methylation;MF;Fabatch combines the location-and-scale adjustment (as performed by ComBat) with data cleaning by latent factor adjustment (as performed by SVA).;N;26753519
24;Harman;;RNA-seq/microarray, LC-MS proteomics, DNA methylation;MF;Harman is a PCA and constrained optimisation based technique that maximises the removal of batch effects from datasets, with the constraint that the probability of overcorrection (i.e., removing genuine biological signal along with batch noise) is kept to a fraction which is set by the end-user.;N;27585881
25;Harmony;;scRNA-seq;MF;Harmony is an algorithm that projects cells into a shared embedding in which cells group by cell type rather than dataset-specific conditions. PCA is firstly used to embed cells into a space with reduced dimensionality. Harmony accepts the cell coordinates in this reduced space and runs an iterative algorithm to adjust for dataset specific effects.;N;31740819
26;LIMBR;Learning and Imputation for Mass-spec Bias Reduction;LC-MS proteomics;MF;LIMBR employs a K nearest neighbors (KNN) based imputation strategy that is both non-parametric and has been shown to be highly effective in the context of proteomics data. LIMBR’s bias trend modeling procedure is based on surrogate variable analysis (SVA).;N;30247517
27;iNMF ;integrative non-negative matrix factorization;RNA-seq, miRNA-seq, DNA methylation;MF;iNMF is an algorithm for jointly decomposing the data matrices involved that also includes a sparsity option for high-dimensional settings. It is designed for heterogeneous data based on non-negative matrix factorization. ;N;26377073
28;LIGER;Linked Inference of Genomic Experimental Relationships;scRNA-seq, scDNA methylation;MF;"LIGER infers a set of latent factors (‘metagenes’) that represent the same biological signals in each dataset while also retaining the ways in which these signals differ across datasets; these shared and dataset-specific factors are then jointly used to identify cell types and states while also identifying and keeping cell-type-specific differences in the metagene features that define cell identities.";N;31178122
29;limma;;RNA-seq/microarray, scRNA-seq, LC-MS proteomics;MF;The limma package provides the removeBatchEffect function, which fits a linear model containing a blocking term for the batch structure to the expression values for each gene. Subsequently, the coefficient for each blocking term is set to zero, and the expression values are computed from the remaining terms and residuals, thus yielding a new expression matrix without batch effects.;N;25605792
30;mixEMM;Mixed-Effects Models with Batch-level Abundance-Dependent Missing-data Mechanism (BADMM);LC-MS proteomics;MF;The mixEMM method employs a linear mixed-effects model and explicitly models the batch effects and the Batch-level Abundance-Dependent Missing-data Mechanism (BADMM).;Y;29743963
31;MultiBaC;Multiomics Batch-effect Correction;multiomics data;MF;MultiBaC strategy combines PLS regression with conventional ARSyN batch effect correction. It is based on the existence of at least one shared data type which allows data prediction across omics.;N;32131696
32;mvMISE;multivariate MIxed-effects SElection model;LC-MS proteomics;MF;mvMISE uses a factor-analytic random effects structure to characterize the high and similar correlations among peptides. This method is desined to jointly analyze multiple correlated peptides/proteins in labeled proteomics data, considering the batch effects and the non-ignorable missingness.;Y;29939200
33;POIBM;POIsson Batch correction through sample Matching;RNA-seq;MF;POIBM learns a virtual target (reference) sample for each source sample from which the batch coefficients are inferred. This implies that the matching samples need not to be known, and replicates need not to exist, but these are learned from the data.;Y;35199138
34;PRPS;Pseudo-Replicates of Pseudo-Samples ;RNA-seq;MF;PRPS uses in silico pseudo-samples that are roughly homogeneous with respect to both unwanted variation and biology, to estimate unwanted variation from gene expression data. PRPS is then deployed with RUV-III to remove these unwanted variations.;Y;36109686
35;pSVA;permuted-SVA;microarray;MF;pSVA incorporates SVA model to iteratively refine sample clusters after modeling the effect of known batches and removes technical artifacts in replicate samples, while retaining biological heterogeneity in samples.;N;24907368
36;RUV-2;Remove Unwanted Variation, 2-step;RNA-seq/microarray, LC-MS metabolomics;MF;RUV-2 performs the factor analysis to negative control genes to detect and remove unwanted variations. Negative control genes are genes known a priori not to be differentially expressed with respect to the biological factor of interest. Variation in the expression levels of these genes can therefore be assumed to be unwanted variation. ;Y;"22101192; 25692814"
37;RUV-III;Removing Unwanted Variation-III;RNA-seq;MF;RUV-III is an extension of RUV-2, which exploit positive and negative control genes and technical replicates.;Y;31114909
38;RUV-III-C;Remove Unwanted Variation III Complete;LC-MS proteomics;MF;RUV-III-C is a variant of RUV-III, an existing normalisation approach that only allows input of a data matrix without missing values. RUV-III-C relies on technical replicates and negative control variables to estimate and then subtract unwanted variation from a dataset.;Y;32732981
39;RUV-III-NB;;scRNA-seq;MF;RUV-III-NB is a variation of RUV-III method that can be used to remove unwanted variation from both the cell embedding and gene-level counts. Using pseudo replicates, RUV-III-NB explicitly takes into account potential association with biology when removing unwanted variation. The principal novel aspect of the RUV-III-NB is the use of a negative binomial (NB) generalized linear model (GLM) directly on count data bringing the RUV-III framework in line with widely-used methods such as edgeR, DESeq2 and sctransform.;Y;35758618
40;RUV-random;Remove Unwanted Variation-random;LC-MS metabolomics;MF;RUV-random is a variant of RUV-2.;Y;25692814
41;RUVseq;;RNA-seq;MF;RUVseq adjusts for nuisance technical effects by performing factor analysis on suitable sets of control genes (e.g., ERCC spike-ins) or samples (e.g., replicate libraries).;Y;25150836
42;scBatch;;RNA-seq, scRNA-seq;MF;scBatch utilizes the corrected sample distance matrix to further correct the count matrix. Specifically, a linear transformation to the count matrix is used, such that the Pearson correlation matrix of the transformed matrix approximates the corrected correlation matrix obtained from a non-parametric method named QuantNorm. ;N;32053185
43;scMC;single-cell data integration method to Match and Compare;scRNA-seq, ATAC-seq;DN;scMC learns biological variation via variance analysis to subtract technical variation inferred in an unsupervised manner. scMC learns a shared reduced dimensional embedding of cells that retains the biological variation while removing the technical variation. This shared embedding can enhance a variety of single cell analysis tasks, such as low-dimensional visualization, cell clustering and pseudotemporal trajectory inference.;N;33397454
44;scMerge;;scRNA-seq;MF;"scMerge integrates multiple single-cell RNA-seq datasets using factor analysis of stably expressed genes and pseudoreplicates across datasets. The three key components are summarized as follows: (i) the identification of scSEGs via a Gamma–Gaussian mixture model (8) for use as “negative controls” for estimating unwanted factors; (ii) the construction of pseudoreplicates to estimate the effects of unwanted factors; and (iii) the adjustment of datasets for unwanted variation using a fastRUVIII model.";Y;31028141
45;scPLS;single cell Partial Least Squares;scRNA-seq;MF;scPLS takes advantage of the fact that genes in a scRNA-seq study can often be naturally classified into two sets: a control set of genes that are free of effects of the predictor variables and a target set of genes that are of primary interest. By modeling the two sets of genes jointly using the partial least squares regression, scPLS is capable of making full use of the data to improve the inference of confounding factors. ;N;29051597
46;Seurat v2 (MultiCCA);Multiple Canonical Correlation Analysis;scRNA-seq;MF;Seurat v2 (MultiCCA) employs canonical correlation analysis (CCA) to reduce data dimensionality and capture the most correlated data features to align the data batches.;N;29608179
47;SVA;surrogate variable analysis;RNA-seq/microarray, DNA methylation;MF;SVA identifies and estimates surrogate variables for unknown sources of variation in high-throughput experiments. The goal of sva is to remove all unwanted sources of variation while protecting the contrasts due to the primary variables specified in the function call.;N;22257669
48;svapls;;RNA-seq/microarray;MF;svapls uses the multivariate Non-Linear Iterative Partial Least Squares (NIPALS) algorithm to extract the latent, unwanted effects of variation in a gene expression data and uses them to build an optimal ANCOVA model for detecting the truly differentially expressed genes between two types of samples/tissues.;N;23883280
49;SVAseq;;RNA-seq;MF;svaseq is a version of the sva approach specifically created for count data or FPKMs from sequencing experiments based on appropriate data transformation.;N;25294822
50;WaveICA/ WaveICA 2.0;the wavelet transform method with independent component analysis;LC-MS metabolomics;MF;WaveICA adopts wavelet transform and independent component analysis (ICA) to decompose the data matrix.;N;"34542717; 30926040"
51;ZINB- WaVE;Zero-Inflated Negative Binomial-based Wanted Variation Extraction ;scRNA-seq;MF;ZINB-WaVE uses a zero-inflated negative binomial (ZINB) model to extract low dimensional signal from the data, accounting for zero inflation (dropouts), over-dispersion, and the count nature of the data. This model includes a sample-level intercept, which serves as a global-scaling normalization factor, and gives the user the ability to include both gene-level and sample-level covariates. ZINB-WaVE is an extension of the RUV model.;N;29348443
52;BATMAN;BATch integration via minimum-weight MAtchiNg;scRNA-seq;DN;BATMAN is based on a parsimonious one-to-one matching of representative cells across datasets that maintains local structure. It operates in the high-dimensional gene space and uses the minimal total correction necessary to remove discrepancies between datasets.;N;32504875
53;BBKNN;Batch Balanced K Nearest Neighbours;scRNA-seq;DN;BBKNN is a graph-based batch-correction method. BBKNN’s main assumption is that at least some cells of the same type exist across batches, and that the differences between the same cell type across batches caused by batch effects are less than the differences between cells of different types within a batch. In this case, the graph construction will group together similar cell types across batches while leaving unrelated cell types well separated.;N;31400197
54;BEER;Batch Effect Remover;scRNA-seq;DN;BEER uses the correlation of mutual nearest cell pairs identified from different batches to identify PCA sub-spaces with poor correlation (i.e., latent high batch-effect), and then removes these subspaces from further analysis.;N;31636959
55;deepMNN;deep learning-based scRNA-seq batch correction model using MNN;scRNA-seq;DN;deppMNN searchs MNN pairs across different batches in a PCA subspace. Subsequently, a batch correction network is constructed by stacking two residual blocks and further applied for the removal of batch effects. ;N;34447413
56;fastMNN;Fast Mutual Nearest Neighbors correction;scRNA-seq;DN;fastMNN is a variant of mnnCorrect, modified for speed and more robust performance.;N;29608177
57;IMGG;integrating multiple single-cell datasets through connected graphs and generative adversarial networks (GAN);scRNA-seq;DN;IMGG first finds MNNs multiple times in the low-dimensional embedding space, then constructs cross-batch similar-cell connected graphs by MNNs and builds an intermediate batch based on the similarity relationship of cells on these graphs, finally correcting the batch effects by transforming all batches of cells to the intermediate batch with GAN.;N;35216199
58;iSMNN;iterative Supervised MNN;scRNA-seq;DN;iSMNN, an iterative supervised batch effect correction method, performs multiple iterations of MNN refining and batch effect correction rather than one-iteration correction with the MNNs detected from the original expression matrix.;N;33839756
59;mnnCorrect;Mutual Nearest Neighbors;scRNA-seq;DN;mnnCorrect is a strategy for batch correction based on the detection of mutual nearest neighbors (MNNs) in the high-dimensional expression space.;N;29608177
60;Scanorama;;scRNA-seq;DN;Scanorama is an algorithm that identifies and merges the shared cell types among all pairs of datasets and accurately integrates heterogeneous collections of scRNA-seq data. It is analogous to computer vision algorithms for panorama stitching that identify images with overlapping content and merge these into a larger panorama. Specifically, Scanorama searches nearest neighbors to identify shared cell types among all pairs of datasets. Dimensionality reduction techniques and an approximate nearest-neighbors algorithm based on hyperplane locality sensitive hashing and random projection trees greatly accelerates the search step. Mutually linked cells form matches that can be leveraged to correct for batch effects and merge experiments together, whereby the datasets forming connected components on the basis of these matches become a scRNA-seq ‘panorama’.;N;31061482
61;Seurat v3;;transcriptomic, epigenomic, proteomic, and spatially resolved single-cell data;DN;Seurat v3 uses diagonalized canonical correlation analysis (CCA) to align directions of variations guided by “anchors” in the reference patch. “Anchors” are detected by mutual nearest neighbors (MNN) pairs between the query batch and the reference batch and they represent single cells in a shared biological state.;N;31178118
62;Seurat v4;;multimodal single-cell data, i.e., CITE-seq, SHARE-seq, ASAP-seq;DN;The weighted nearest neighbor (WNN) procedure implemented in Seurat v4 is designed to integrate multiple types of data that are collected in the same cells to define a single unified representation of single-cell multimodal data. For each cell, the procedure learns a set of modality weights, which reflect the relative information content for each data type in that cell. This enables the generation of a WNN graph: for each cell, this graph denotes the most similar cells in the dataset based on a weighted combination of protein and RNA similarities.;N;34062119
63;SMNN;Supervised Mutual Nearest Neighbor;scRNA-seq;DN;"Single cell clustering is first performed within each batch using Seurat v3; and then SMNN takes user-specified marker gene information for each cell type to match clusters/cell types across batches. With the clustering and cluster-specific marker gene information, SMNN searches MNNs within each cell type and performs batch effect correction accordingly.";N;32591778
64;SSBER;;scRNA-seq;DN;SSBER is a supervised method utilizing biological prior knowledge combined with anchor-based approach. The key idea of SSBER is to improve accuracy of detected anchors, two cells of which should come from a same cell type, consequently to improve performance of integration. SSBER first employs a supervised classifier (SciBet) to group cells with high confidence, then identifies anchors in shared cell type, which breaks the constraints that batch effects are orthogonal to the biological subspace and differences from batch effects are much smaller than its from biological variations.;N;33990189
65;AutoClass ;;scRNA-seq;DL;AutoClass model integrates two deep neural network components, an autoencoder, and a classifier, as to maximize both noise removal and signal retention. AutoClass is distribution agnostic as it makes no assumption on specific data distributions, hence can effectively clean a wide range of noise and artifacts. ;N;35393428
66;BERMUDA;Batch Effect ReMoval Using Deep Autoencoders;scRNA-seq;DL;BERMUDA uses a deep neural network architecture called an autoencoder to learn a low-dimensional representation of the data in an unsupervised manner. The autoencoder network is trained to minimize the loss between the original gene expression values and the reconstructed values after performing the dimensionality reduction, as well as the maximum mean discrepancy (MMD) between similar clusters from different batches.;N;31405383
67;CBA;Cluster-driven Batch Alignment;scRNA-seq;DL;CBA uses a deep learning model which incorporates a pre-clustering step to preserve the structure of each individual dataset. To accomplish this,  a loss function is used that preserves: (1) cell-cell distances within each of the two batches, as well as (2) cell-cell distances between two batches when the cells are of the same cell-type. The cell-type guidance is unsupervised, i.e., a cell-type is defined as a cluster in the original batch. ;N;33927748
68;Cell BLAST;;scRNA-seq;DL;Cell BLAST employs a neural network-based generative model to autonomously derive a nonlinear mapping from the complex transcriptomic space to a concise low-dimensional cell embedding in an unsupervised manner, leveraging reference single-cell transcriptomes. It effectively addresses intra-reference batch effects through adversarial alignment, enhancing the precision of single-cell transcriptomic analysis.;N;32651388
69;DESC;;scRNA-seq;DL;DESC uses an unsupervised deep embedding algorithm that clusters scRNA-seq data by iteratively optimizing a clustering objective function. Through iterative self-learning, DESC gradually removes batch effects, as long as technical differences across batches are smaller than true biological variations.;N;32393754
70;MAT2;Manifold Alignment of single-cell transcriptomes with cell Triplets;scRNA-seq;DL;MAT2 aligns cells in the manifold space with a deep neural network employing contrastive learning strategy. ;N;33974010
71;MMD-ResNet;Maximum Mean Discrepancy (MMD) and Residual Nets;scRNA-seq;DL;MMD-ResNet is a deep learning approach for removing systematic batch effects. This method is based on a residual neural network, trained to minimize the Maximum Mean Discrepancy between the multivariate distributions of two replicates, measured in different batches.;N;28419223
72;NormAE;Normalization Autoencoder;LC-MS metabolomics;DL;NormAE is based on nonlinear autoencoders (AEs) and adversarial learning. An additional classifier and ranker are trained to provide adversarial regularization during the training of the AE model, latent representations are extracted by the encoder, and then the decoder reconstructs the data without batch effects. ;N;32207605
73;SAUCIE;Sparse Autoencoder for Unsupervised Clustering, Imputation and Embedding;scRNA-seq;DL;SAUCIE is a deep neural network that combines parallelization and scalability offered by neural networks, with the deep representation of data that can be learned by them to perform many single-cell data analysis tasks. Our regularizations (penalties) render features learned in hidden layers of the neural network interpretable. ;N;31591579
74;scDML;Deep Metric Learning model to remove batch effect in scRNA-seq data;scRNA-seq;DL;scDML is a deep metric learning model to remove batch effect in scRNA-seq data, and is guided by the initial clusters and the nearest neighbor information intra and inter batches.;N;36810607
75;scGen;;scRNA-seq;DL;scGen is a model combining variational autoencoders and latent space vector arithmetics for high-dimensional single-cell gene expression data.;N;31363220
76;scVI;single-cell Variational Inference;scRNA-seq;DL;scVI uses stochastic optimization and deep neural networks to aggregate information across similar cells and genes and to approximate the distributions that underlie observed expression values, while accounting for batch effects and limited sensitivity.;N;30504886
;;;;;;;
;;;;;;;
;;;;;;;
;;;;;;;
;;;;;;;
;;;;;;;
;;;;;;;
;;;;;;;