gene_group,n_genes,cell_type,pathway,tme_subtype,prognostic_significance,source_article
FL2025_C1_DZ_proliferative,14,centroblast (DZ),proliferation,none,adverse (PFS),"Xochelli et al. 2025 Leukemia, doi:10.1038/s41375-025-02603-9"
FL2025_C2_LZ_anergy,10,centrocyte (LZ),apoptosis,none,none,"Xochelli et al. 2025 Leukemia, doi:10.1038/s41375-025-02603-9"
FL2025_C3_inflammatory,12,none,interferon,inflammatory,none,"Xochelli et al. 2025 Leukemia, doi:10.1038/s41375-025-02603-9"
FL_PFS_signature_2019,9,none,none,none,adverse (PFS),"Pastore et al. 2019, PMID 29475724"
FL_POD24_markers,8,none,epigenetic,none,adverse (POD24),"Pastore et al. 2019, PMID 29475724"
clinical_IHC_B_cell,6,B cell,none,none,none,Routine diagnostic immunohistochemistry panel (WHO B-cell lymphoma criteria)
clinical_IHC_GC_B_cell,5,germinal centre B,none,GC-like,none,Routine diagnostic immunohistochemistry panel (WHO B-cell lymphoma criteria)
clinical_IHC_T_cell,7,CD4 T,none,inflammatory,none,Routine diagnostic immunohistochemistry panel (WHO B-cell lymphoma criteria)
clinical_IHC_T_cell_cytotoxic,2,CD8 T,none,inflammatory,none,Routine diagnostic immunohistochemistry panel (WHO B-cell lymphoma criteria)
clinical_IHC_checkpoint,6,CD8 T,none,inflammatory,none,Routine diagnostic immunohistochemistry panel (WHO B-cell lymphoma criteria)
clinical_IHC_follicular_stroma,2,follicular dendritic,none,GC-like,none,Routine diagnostic immunohistochemistry panel (WHO B-cell lymphoma criteria)
clinical_IHC_myeloid,3,macrophage,none,inflammatory,none,Routine diagnostic immunohistochemistry panel (WHO B-cell lymphoma criteria)
clinical_IHC_post_GC,4,plasma cell,none,none,none,Routine diagnostic immunohistochemistry panel (WHO B-cell lymphoma criteria)
clinical_IHC_proliferation,2,none,proliferation,none,"adverse (OS, PFS)",Routine diagnostic immunohistochemistry panel (WHO B-cell lymphoma criteria)
dybkaer_centroblast_DZ,69,centroblast (DZ),proliferation,none,none,"Dybkaer et al. 2015 J Clin Oncol 33(12):1379-1388, PMC4397280"
dybkaer_centrocyte_LZ,55,centrocyte (LZ),none,none,none,"Dybkaer et al. 2015 J Clin Oncol 33(12):1379-1388, PMC4397280"
holmes_DZ_a,20,centroblast (DZ),proliferation,GC-like,adverse (PFS; DZ signature enriched in MYC/BCL2 double-hit),"Holmes et al. 2020 J Exp Med 217(10):e20200483, PMC7537389"
holmes_DZ_b,20,centroblast (DZ),proliferation,GC-like,adverse (PFS; DZ signature enriched in MYC/BCL2 double-hit),"Holmes et al. 2020 J Exp Med 217(10):e20200483, PMC7537389"
holmes_DZ_c,20,centroblast (DZ),proliferation,GC-like,adverse (PFS; DZ signature enriched in MYC/BCL2 double-hit),"Holmes et al. 2020 J Exp Med 217(10):e20200483, PMC7537389"
holmes_INT_a,20,centrocyte (LZ),none,GC-like,mixed (INT-b/INT-e associate with the EZB genetic group),"Holmes et al. 2020 J Exp Med 217(10):e20200483, PMC7537389"
holmes_INT_b,20,centrocyte (LZ),none,GC-like,mixed (INT-b/INT-e associate with the EZB genetic group),"Holmes et al. 2020 J Exp Med 217(10):e20200483, PMC7537389"
holmes_INT_c,20,centrocyte (LZ),none,GC-like,mixed (INT-b/INT-e associate with the EZB genetic group),"Holmes et al. 2020 J Exp Med 217(10):e20200483, PMC7537389"
holmes_INT_d,20,centrocyte (LZ),none,GC-like,mixed (INT-b/INT-e associate with the EZB genetic group),"Holmes et al. 2020 J Exp Med 217(10):e20200483, PMC7537389"
holmes_INT_e,20,centrocyte (LZ),none,GC-like,mixed (INT-b/INT-e associate with the EZB genetic group),"Holmes et al. 2020 J Exp Med 217(10):e20200483, PMC7537389"
holmes_LZ_a,20,centrocyte (LZ),NF-kB,GC-like,favourable (PFS; late-LZ/INT Group IV best PFS),"Holmes et al. 2020 J Exp Med 217(10):e20200483, PMC7537389"
holmes_LZ_b,20,centrocyte (LZ),NF-kB,GC-like,favourable (PFS; late-LZ/INT Group IV best PFS),"Holmes et al. 2020 J Exp Med 217(10):e20200483, PMC7537389"
holmes_PBL_a,20,plasma cell,none,none,mixed (Group V),"Holmes et al. 2020 J Exp Med 217(10):e20200483, PMC7537389"
holmes_PBL_b,20,plasma cell,none,none,mixed (Group V),"Holmes et al. 2020 J Exp Med 217(10):e20200483, PMC7537389"
holmes_PreM,20,memory precursor,none,GC-like,"favourable (PFS, Group V)","Holmes et al. 2020 J Exp Med 217(10):e20200483, PMC7537389"
holmes_double_hit_signature,2,centroblast (DZ),proliferation,none,adverse (PFS),"Holmes et al. 2020 J Exp Med 217(10):e20200483, PMC7537389"
housekeeping,15,none,none,none,none,Standard RT-qPCR reference gene panel
kotlov_COO_classifier,32,germinal centre B,none,GC-like,none,"Kotlov et al. 2021 Cancer Discov, PMC8178179"
kotlov_DHIT_classifier,20,centroblast (DZ),none,none,none,"Kotlov et al. 2021 Cancer Discov, PMC8178179"
kotlov_FGES_B_cells,13,B cell,none,GC-like,none,"Kotlov et al. 2021 Cancer Discov, PMC8178179"
kotlov_FGES_B_cells_traffic,4,B cell,none,GC-like,none,"Kotlov et al. 2021 Cancer Discov, PMC8178179"
kotlov_FGES_CAF,34,stromal/fibroblast,none,mesenchymal,none,"Kotlov et al. 2021 Cancer Discov, PMC8178179"
kotlov_FGES_ECM,7,stromal/fibroblast,none,mesenchymal,none,"Kotlov et al. 2021 Cancer Discov, PMC8178179"
kotlov_FGES_ECM_remodeling,5,stromal/fibroblast,none,mesenchymal,none,"Kotlov et al. 2021 Cancer Discov, PMC8178179"
kotlov_FGES_FDC,7,follicular dendritic,none,GC-like,none,"Kotlov et al. 2021 Cancer Discov, PMC8178179"
kotlov_FGES_FRC,11,stromal/fibroblast,none,mesenchymal,none,"Kotlov et al. 2021 Cancer Discov, PMC8178179"
kotlov_FGES_IS_checkpoints,8,none,none,inflammatory,none,"Kotlov et al. 2021 Cancer Discov, PMC8178179"
kotlov_FGES_IS_cytokines,7,none,none,inflammatory,none,"Kotlov et al. 2021 Cancer Discov, PMC8178179"
kotlov_FGES_LEC,13,endothelial,none,mesenchymal,none,"Kotlov et al. 2021 Cancer Discov, PMC8178179"
kotlov_FGES_MHC_I,6,none,none,inflammatory,none,"Kotlov et al. 2021 Cancer Discov, PMC8178179"
kotlov_FGES_MHC_II,8,none,none,GC-like,none,"Kotlov et al. 2021 Cancer Discov, PMC8178179"
kotlov_FGES_NFkB,9,none,NF-kB,none,none,"Kotlov et al. 2021 Cancer Discov, PMC8178179"
kotlov_FGES_NK,17,NK,none,inflammatory,none,"Kotlov et al. 2021 Cancer Discov, PMC8178179"
kotlov_FGES_PI3K,9,none,PI3K-AKT,none,none,"Kotlov et al. 2021 Cancer Discov, PMC8178179"
kotlov_FGES_TFH,10,CD4 T,none,GC-like,none,"Kotlov et al. 2021 Cancer Discov, PMC8178179"
kotlov_FGES_TGFB,8,stromal/fibroblast,none,mesenchymal,none,"Kotlov et al. 2021 Cancer Discov, PMC8178179"
kotlov_FGES_TIL,10,CD4 T,none,inflammatory,none,"Kotlov et al. 2021 Cancer Discov, PMC8178179"
kotlov_FGES_T_cells_traffic,7,none,interferon,inflammatory,none,"Kotlov et al. 2021 Cancer Discov, PMC8178179"
kotlov_FGES_Treg,7,Treg,none,inflammatory,none,"Kotlov et al. 2021 Cancer Discov, PMC8178179"
kotlov_FGES_VEC,15,endothelial,none,mesenchymal,none,"Kotlov et al. 2021 Cancer Discov, PMC8178179"
kotlov_FGES_activated_M1,4,macrophage,none,inflammatory,none,"Kotlov et al. 2021 Cancer Discov, PMC8178179"
kotlov_FGES_cell_proliferation,15,none,proliferation,depleted,none,"Kotlov et al. 2021 Cancer Discov, PMC8178179"
kotlov_FGES_cytolytic,8,CD8 T,none,inflammatory,favourable (OS),"Kotlov et al. 2021 Cancer Discov, PMC8178179"
kotlov_FGES_dendritic_cells,5,macrophage,none,inflammatory,none,"Kotlov et al. 2021 Cancer Discov, PMC8178179"
kotlov_FGES_granulocyte_traffic,10,none,none,inflammatory,none,"Kotlov et al. 2021 Cancer Discov, PMC8178179"
kotlov_FGES_hypoxia,5,none,none,mesenchymal,none,"Kotlov et al. 2021 Cancer Discov, PMC8178179"
kotlov_FGES_interferon,9,none,interferon,inflammatory,none,"Kotlov et al. 2021 Cancer Discov, PMC8178179"
kotlov_FGES_macrophages,7,macrophage,none,inflammatory,none,"Kotlov et al. 2021 Cancer Discov, PMC8178179"
kotlov_curated_alterations,13,none,epigenetic,none,none,"Kotlov et al. 2021 Cancer Discov, PMC8178179"
