strat,imp,method,post_rm,harshness,r2_batch,r2_diag,n_samples,n_genes,status
E3_iterative_r3,strict,02_median_scaling,False,low,,,,,cached
E3_iterative_r3,strict,02_median_scaling,True,low,,,,,cached
E3_iterative_r3,strict,01_raw,False,low,,,,,cached
E3_iterative_r3,strict,01_raw,True,low,,,,,cached
E3_iterative_r3,strict,03_limma,False,low,,,,,cached
E3_iterative_r3,strict,03_limma,True,low,,,,,cached
E3_iterative_r3,strict,05_combat,False,medium,,,,,cached
E3_iterative_r3,strict,05_combat,True,medium,,,,,cached
E3_iterative_r3,strict,07_pycombat,False,medium,,,,,cached
E3_iterative_r3,strict,07_pycombat,True,medium,,,,,cached
E3_iterative_r3,strict,06_combat_seq,False,medium,0.33636361198543113,0.21764360318796722,5256.0,5175.0,ok
E3_iterative_r3,strict,06_combat_seq,True,medium,0.3373170587500697,0.21893738564456613,5216.0,5175.0,ok
E3_iterative_r3,strict,09_ruv,False,medium,0.3834973091166099,0.17303619180902038,5256.0,5175.0,ok
E3_iterative_r3,strict,09_ruv,True,medium,0.38018562856379023,0.17891906353079315,5216.0,5175.0,ok
E3_iterative_r3,strict,10_mnn,False,medium,,,,,cached
E3_iterative_r3,strict,10_mnn,True,medium,,,,,cached
E3_iterative_r3,strict,11_harmony,False,medium,,,,,cached
E3_iterative_r3,strict,11_harmony,True,medium,,,,,cached
E3_iterative_r3,strict,12_scanorama,False,medium,,,,,cached
E3_iterative_r3,strict,12_scanorama,True,medium,,,,,cached
E3_iterative_r3,strict,13_fsmvn,False,medium,,,,,cached
E3_iterative_r3,strict,13_fsmvn,True,medium,,,,,cached
E3_iterative_r3,strict,14_qsmooth,False,high,,,,,cached
E3_iterative_r3,strict,14_qsmooth,True,high,,,,,cached
E3_iterative_r3,strict,15_fsqn_py,False,high,,,,,cached
E3_iterative_r3,strict,15_fsqn_py,True,high,,,,,cached
E3_iterative_r3,strict,16_fsqn_r,False,high,,,,,cached
E3_iterative_r3,strict,16_fsqn_r,True,high,,,,,cached
E3_iterative_r3,strict,17_quantile,False,high,,,,,cached
E3_iterative_r3,strict,17_quantile,True,high,,,,,cached
E3_iterative_r3,strict,18_rank,False,high,,,,,cached
E3_iterative_r3,strict,18_rank,True,high,,,,,cached
E3_iterative_r3,strict,08_inmoose_combatseq,False,medium,0.33618758029013845,0.21763015875480898,5256.0,5175.0,ok
E3_iterative_r3,strict,08_inmoose_combatseq,True,medium,0.3372998410801938,0.21894345710926894,5216.0,5175.0,ok
E3_iterative_r3,strict,19_tdm,False,high,0.5478349577621451,0.17483389113824824,5256.0,5175.0,ok
E3_iterative_r3,strict,19_tdm,True,high,0.5183076489514089,0.17531524902685205,5216.0,5175.0,ok
E3_iterative_r3,strict,22_tmm,False,low,,,5256.0,5175.0,skipped
E3_iterative_r3,strict,22_tmm,True,low,,,5256.0,5175.0,skipped
E3_iterative_r3,strict,23_vst,False,low,,,5256.0,5175.0,skipped
E3_iterative_r3,strict,23_vst,True,low,,,5256.0,5175.0,skipped
E3_iterative_r3,strict,24_peer_k10,False,medium,,,5256.0,5175.0,skipped
E3_iterative_r3,strict,24_peer_k10,True,medium,,,5256.0,5175.0,skipped
E3_iterative_r3,knn,01_raw,False,low,0.5203248744495926,0.1829655828692915,5256.0,15227.0,ok
E3_iterative_r3,knn,01_raw,True,low,0.49994137254725723,0.1863392438048621,5216.0,15227.0,ok
E3_iterative_r3,strict,21_harmonizr,False,medium,0.10095201080672007,0.1290046612389382,5256.0,5175.0,ok
E3_iterative_r3,strict,21_harmonizr,True,medium,0.10087209694488679,0.13041374187361066,5216.0,5175.0,ok
E3_iterative_r3,knn,02_median_scaling,False,low,0.11133428157922694,0.13449542813531218,5256.0,15227.0,ok
E3_iterative_r3,knn,02_median_scaling,True,low,0.10305620624360227,0.13786315699980578,5123.0,15227.0,ok
E3_iterative_r3,knn,03_limma,False,low,2.2016794617057998e-30,0.1291677601826758,5256.0,15227.0,ok
E3_iterative_r3,knn,03_limma,True,low,1.926754547841635e-30,0.135164259908875,5139.0,15227.0,ok
E3_iterative_r3,knn,05_combat,False,medium,0.3747038377916335,0.2022360028563724,5256.0,15227.0,ok
E3_iterative_r3,knn,05_combat,True,medium,0.37044038582628136,0.20230603763275518,5216.0,15227.0,ok
E3_iterative_r3,knn,07_pycombat,False,medium,0.0014680161381956216,0.12467010981677809,5256.0,15227.0,ok
E3_iterative_r3,knn,07_pycombat,True,medium,0.0013755121313069765,0.12433594487007057,5224.0,15227.0,ok
E3_iterative_r3,knn,06_combat_seq,False,medium,0.3489010832727228,0.21727792216612518,5256.0,15227.0,ok
E3_iterative_r3,knn,06_combat_seq,True,medium,0.3406279868669718,0.2182542794252972,5216.0,15227.0,ok
E3_iterative_r3,knn,08_inmoose_combatseq,False,medium,0.3489057986437226,0.2172993944652864,5256.0,15227.0,ok
E3_iterative_r3,knn,08_inmoose_combatseq,True,medium,0.34062726387333075,0.21825416626577226,5216.0,15227.0,ok
E3_iterative_r3,knn,09_ruv,False,medium,0.44036684436101475,0.1477245977837242,5256.0,15227.0,ok
E3_iterative_r3,knn,09_ruv,True,medium,0.42824635756769425,0.15071279164103027,5216.0,15227.0,ok
E3_iterative_r3,knn,10_mnn,False,medium,0.22420685773678928,0.1438722563221641,5256.0,15227.0,ok
E3_iterative_r3,knn,10_mnn,True,medium,0.18169591671695126,0.1574020448678876,4456.0,15227.0,ok
E3_iterative_r3,knn,11_harmony,False,medium,0.1893599238774997,0.17003382320003235,5256.0,15227.0,ok
E3_iterative_r3,knn,11_harmony,True,medium,0.18564339535078928,0.17009251462212022,5216.0,15227.0,ok
E3_iterative_r3,knn,12_scanorama,False,medium,0.35182642657613095,0.16088499060300937,5256.0,15227.0,ok
E3_iterative_r3,knn,12_scanorama,True,medium,0.3737616167372845,0.17554618042008768,4217.0,15227.0,ok
E3_iterative_r3,knn,13_fsmvn,False,medium,1.0213439295395285e-06,0.1177984553588032,5256.0,15227.0,ok
E3_iterative_r3,knn,13_fsmvn,True,medium,8.672448266587891e-09,0.12018248951974106,5216.0,15227.0,ok
E3_iterative_r3,knn,14_qsmooth,False,high,0.5656679873455909,0.17747030678074383,5256.0,15227.0,ok
E3_iterative_r3,knn,14_qsmooth,True,high,0.5369740386189509,0.18896165688031114,5216.0,15227.0,ok
E3_iterative_r3,knn,15_fsqn_py,False,high,0.5233408098530087,0.18196305911262264,5256.0,15227.0,ok
E3_iterative_r3,knn,15_fsqn_py,True,high,0.5194469757605988,0.1817402467619728,5216.0,15227.0,ok
E3_iterative_r3,knn,16_fsqn_r,False,high,,,5256.0,0.0,ok
E3_iterative_r3,knn,16_fsqn_r,True,high,,,5256.0,0.0,ok
E3_iterative_r3,knn,17_quantile,False,high,0.5268330215520115,0.1797855091746921,5256.0,15227.0,ok
E3_iterative_r3,knn,17_quantile,True,high,0.5229063188587186,0.1795458099540775,5216.0,15227.0,ok
E3_iterative_r3,knn,18_rank,False,high,0.5639254483047172,0.17355167363403928,5256.0,15227.0,ok
E3_iterative_r3,knn,18_rank,True,high,0.559906778184685,0.1733271450547928,5216.0,15227.0,ok
E3_iterative_r3,knn,19_tdm,False,high,0.6064575701996856,0.15624808152007252,5256.0,15227.0,ok
E3_iterative_r3,knn,19_tdm,True,high,0.5588781013363351,0.16528237795275008,5216.0,15227.0,ok
E3_iterative_r3,knn,22_tmm,False,low,,,5256.0,15227.0,skipped
E3_iterative_r3,knn,22_tmm,True,low,,,5256.0,15227.0,skipped
E3_iterative_r3,knn,23_vst,False,low,,,5256.0,15227.0,skipped
E3_iterative_r3,knn,23_vst,True,low,,,5256.0,15227.0,skipped
E3_iterative_r3,knn,24_peer_k10,False,medium,,,5256.0,15227.0,skipped
E3_iterative_r3,knn,24_peer_k10,True,medium,,,5256.0,15227.0,skipped
E3_iterative_r3,softimpute,01_raw,False,low,0.6154163405762085,0.18779092897608268,5256.0,15227.0,ok
E3_iterative_r3,softimpute,01_raw,True,low,0.5377658600521211,0.19482103767686332,5216.0,15227.0,ok
E3_iterative_r3,softimpute,02_median_scaling,False,low,0.14352255056745283,0.1306780822675895,5256.0,15227.0,ok
E3_iterative_r3,softimpute,02_median_scaling,True,low,0.11630424686539931,0.13660589769195824,5123.0,15227.0,ok
E3_iterative_r3,softimpute,03_limma,False,low,1.1011077654964263e-05,0.12498590001483567,5256.0,15227.0,ok
E3_iterative_r3,softimpute,03_limma,True,low,7.564029251582929e-06,0.12661972467600807,5221.0,15227.0,ok
E3_iterative_r3,knn,21_harmonizr,False,medium,0.31829251947435583,0.15522630605477292,5256.0,15226.0,ok
E3_iterative_r3,knn,21_harmonizr,True,medium,0.31085566214786375,0.1591104507043468,5216.0,15226.0,ok
E3_iterative_r3,softimpute,05_combat,False,medium,0.1838135870870556,0.2124455178601628,5256.0,15227.0,ok
E3_iterative_r3,softimpute,05_combat,True,medium,0.17217473983564852,0.2118889654384019,5188.0,15227.0,ok
E3_iterative_r3,softimpute,04_sva,False,low,0.6139968948436818,0.18747381109082936,5256.0,14795.0,ok
E3_iterative_r3,softimpute,04_sva,True,low,0.5363926809132282,0.19465487773000528,5216.0,14795.0,ok
E3_iterative_r3,softimpute,07_pycombat,False,medium,0.0018984860731819438,0.126483689043578,5256.0,14795.0,ok
E3_iterative_r3,softimpute,07_pycombat,True,medium,0.001840860831329106,0.12759917489771108,5216.0,14795.0,ok
E3_iterative_r3,softimpute,06_combat_seq,False,medium,0.5309473944503535,0.1922410618606618,5256.0,15227.0,ok
E3_iterative_r3,softimpute,06_combat_seq,True,medium,0.5282215303974227,0.19195520430484533,5216.0,15227.0,ok
E3_iterative_r3,softimpute,08_inmoose_combatseq,False,medium,0.5309474238903402,0.19224045405347717,5256.0,15227.0,ok
E3_iterative_r3,softimpute,08_inmoose_combatseq,True,medium,0.5282236233098877,0.1919558120177806,5216.0,15227.0,ok
E3_iterative_r3,softimpute,09_ruv,False,medium,0.46127426554241896,0.13606569687957992,5256.0,15227.0,ok
E3_iterative_r3,softimpute,09_ruv,True,medium,0.45741366958644913,0.1357471026355323,5216.0,15227.0,ok
E3_iterative_r3,softimpute,11_harmony,False,medium,0.24708913161025992,0.12241818588138846,5256.0,15227.0,ok
E3_iterative_r3,softimpute,11_harmony,True,medium,0.24479744125051645,0.12297830855066325,5216.0,15227.0,ok
E3_iterative_r3,softimpute,10_mnn,False,medium,0.2887436719074147,0.15402039270901,5256.0,14795.0,ok
E3_iterative_r3,softimpute,10_mnn,True,medium,0.2499316064600104,0.1591444447021225,4456.0,14795.0,ok
E3_iterative_r3,softimpute,12_scanorama,False,medium,0.44798442241442704,0.20617087861845168,5256.0,14795.0,ok
E3_iterative_r3,softimpute,12_scanorama,True,medium,0.4411819317012794,0.20582706985866514,5208.0,14795.0,ok
E3_iterative_r3,softimpute,13_fsmvn,False,medium,4.361057538013614e-05,0.12552545385990335,5256.0,15227.0,ok
E3_iterative_r3,softimpute,13_fsmvn,True,medium,1.1755005724795253e-05,0.12582468568344035,5221.0,15227.0,ok
E3_iterative_r3,softimpute,15_fsqn_py,False,high,0.5708463821594927,0.18079715642608632,5256.0,15227.0,ok
E3_iterative_r3,softimpute,15_fsqn_py,True,high,0.5656918663896259,0.1803621308944008,5208.0,15227.0,ok
E3_iterative_r3,softimpute,14_qsmooth,False,high,0.6072930566592728,0.18472476054167533,5256.0,14795.0,ok
E3_iterative_r3,softimpute,14_qsmooth,True,high,0.6035374007894039,0.18381872201181776,5216.0,14795.0,ok
E3_iterative_r3,softimpute,16_fsqn_r,False,high,,,5256.0,0.0,ok
E3_iterative_r3,softimpute,16_fsqn_r,True,high,,,5256.0,0.0,ok
E3_iterative_r3,softimpute,17_quantile,False,high,0.5708686208367489,0.179438989487095,5256.0,15227.0,ok
E3_iterative_r3,softimpute,17_quantile,True,high,0.5658715127029038,0.1789569747713797,5208.0,15227.0,ok
E3_iterative_r3,softimpute,18_rank,False,high,0.5840699114231404,0.18998736009935252,5256.0,15227.0,ok
E3_iterative_r3,softimpute,18_rank,True,high,0.5787226235722469,0.18976491272572746,5208.0,15227.0,ok
E3_iterative_r3,softimpute,19_tdm,False,high,0.6041352992590696,0.15883422268647432,5256.0,14795.0,ok
E3_iterative_r3,softimpute,19_tdm,True,high,0.5737040587901371,0.1603262916327602,5216.0,14795.0,ok
E3_iterative_r3,softimpute,22_tmm,False,low,,,5256.0,15227.0,skipped
E3_iterative_r3,softimpute,22_tmm,True,low,,,5256.0,15227.0,skipped
E3_iterative_r3,softimpute,23_vst,False,low,,,5256.0,15227.0,skipped
E3_iterative_r3,softimpute,23_vst,True,low,,,5256.0,15227.0,skipped
E3_iterative_r3,softimpute,24_peer_k10,False,medium,,,5256.0,15227.0,skipped
E3_iterative_r3,softimpute,24_peer_k10,True,medium,,,5256.0,15227.0,skipped
E3_iterative_r3,softimpute,21_harmonizr,False,medium,0.09861182630686063,0.1405500136994054,5256.0,15226.0,ok
E3_iterative_r3,softimpute,21_harmonizr,True,medium,0.09851677551696018,0.14110426541306492,5216.0,15226.0,ok
