threshold,C_rnaseq_only,in-scope attempts,raw reference pairs
0.5,570,500,505
0.51,548,500,500
0.52,499,498,500
0.53,465,495,500
0.54,413,490,500
0.55,413,481,500
0.56,413,473,500
0.5700000000000001,413,456,500
0.58,413,440,500
0.59,413,403,500
0.6,413,374,500
0.61,411,332,500
0.62,411,306,440
0.63,384,304,440
0.64,376,304,440
0.65,326,304,304
0.66,320,304,304
0.67,304,304,304
0.6799999999999999,304,304,304
0.69,304,303,304
0.7,304,303,304
0.71,304,296,304
0.72,304,288,304
0.73,304,283,304
0.74,304,272,290
0.75,304,266,290
0.76,304,254,290
0.77,304,250,275
0.78,304,248,275
0.79,304,248,250
0.8,304,248,250
0.81,304,248,248
0.8200000000000001,304,239,248
0.8300000000000001,304,231,248
0.8400000000000001,304,215,248
0.8500000000000001,304,196,248
0.86,304,194,248
0.87,304,193,248
0.88,304,193,248
0.89,304,193,193
0.9,304,193,193
0.91,304,193,193
0.9199999999999999,304,193,193
0.9299999999999999,304,193,193
0.94,273,156,193
0.95,264,150,193
0.96,222,144,193
0.97,111,69,193
0.98,93,18,193
0.99,61,5,193
1.0,61,0,193
