,0.2,0.25,0.3,0.35,0.4,0.45,0.5,0.55,0.6,0.65,0.7,0.75,0.8,0.85,0.9
0.05,507,524,536,542,544,544,544,544,544,544,544,544,544,544,544
0.1,508,527,548,556,562,563,563,564,564,564,564,564,564,564,564
0.15,508,527,549,559,565,568,568,569,569,569,569,569,569,569,569
0.2,508,527,549,559,567,571,571,572,572,572,572,572,572,572,572
0.25,508,527,549,559,567,571,571,572,572,572,572,572,572,572,572
0.3,508,527,549,559,567,571,571,572,572,572,572,572,572,572,572
0.35,508,527,549,559,567,571,571,572,572,572,572,572,572,572,572
0.4,508,527,549,559,567,571,571,572,572,572,572,572,572,572,572
0.45,508,527,549,559,567,571,571,572,572,572,572,572,572,572,572
0.5,508,527,549,559,567,571,571,572,572,572,572,572,572,572,572
