gene_a,gene_b,consensus_rho,sd_z,n_attempts
HLA-DQB1,HLA-DRB1,0.9729098833236952,1.2956863040348912,1259
HLA-DQB1,HLA-DRB5,0.9553802633124644,1.1695240305329313,1218
HLA-DRB1,HLA-DRB5,0.9316623251047236,0.9390314314338696,1216
COL1A2,COL3A1,0.9280752354112228,0.2608730920371116,1356
COL1A1,COL1A2,0.9059854808723348,0.290669497956517,1376
COL1A1,COL3A1,0.8878625895890455,0.3676676559295282,1348
COL6A1,COL6A2,0.8720973458269023,0.3721226001943967,1256
COL1A2,MMP2,0.8529522111944706,0.3570230950596446,1322
ASPM,CENPE,0.8529015842213816,0.4329040464509477,1266
ASPM,CENPF,0.8518174918070494,0.4068491068812217,1272
COL3A1,MMP2,0.8442957609912517,0.6134001211715876,1294
COL1A2,COL6A3,0.8426334146349259,0.362546439779663,1380
CD3D,CD3E,0.8343968071273334,0.592008445418798,1274
COL6A1,MMP2,0.82518284231838,0.488617502369592,1366
ANLN,ASPM,0.8222036898833449,0.4922815274656707,817
COL1A2,COL6A1,0.8202522019664732,0.3311288532821829,1354
COL3A1,COL6A3,0.818837819184785,0.2648948228207776,1352
COL1A1,COL6A3,0.8160407207844929,0.2390597013576708,1378
GZMH,HAVCR2,0.812475167870801,1.1080101491443424,795
ASPM,DLGAP5,0.8108521422861242,0.3134951711365603,1268
HLA-B,HLA-C,0.8097628821429693,0.5703328197181945,1319
COL3A1,COL6A1,0.8077325449105379,0.6232948862401742,1354
GZMA,GZMH,0.8067821461499818,0.378959101983313,1369
CENPF,DLGAP5,0.802626760303401,0.4425473570809294,1270
HLA-A,HLA-B,0.8005678426310247,0.4408361097760012,1319
HLA-DQA1,HLA-DRA,0.8002634151222474,0.9244287635135848,1290
HLA-DMA,HLA-DMB,0.797261455288256,0.484253225510072,1313
CD3D,CD3G,0.7947753117661365,0.4421694595827062,1288
GZMA,GZMK,0.7929731623054345,0.2908554313354701,1419
CENPE,DLGAP5,0.789259739968748,0.3872659649909996,1268
GZMA,IDO1,0.7871858098155521,0.3910021012823584,1352
CENPE,CENPF,0.7860460178522354,0.4793409878961257,1340
GZMB,GZMH,0.7853786102109299,0.5446533053552313,1201
COL3A1,COL5A1,0.7837512145763496,0.4403456977581378,1350
HLA-DPA1,HLA-DRA,0.7796260712796418,0.4175726686405429,1296
COL1A2,COL5A1,0.7771763692181118,0.3079510904574085,1378
COL3A1,FAP,0.7763308148370064,0.6671990255464526,1298
COL6A2,MMP2,0.7758963437569516,0.7191412693121664,1256
COL1A1,COL5A1,0.7755439466707479,0.3305693534720682,1450
COL6A1,COL6A3,0.7755380901551411,0.3019921180372584,1358
GZMA,TNFSF13B,0.7745121261315318,0.6813624018142342,817
FAP,MMP2,0.7697661789042185,0.5432470058449558,1394
CD2,GZMK,0.7692826593480425,0.2484404863777981,2235
CXCL10,CXCL9,0.7682249857104836,0.2757703155832862,1957
CD3E,CD3G,0.7678514491286402,0.5494529763185192,1254
HLA-A,HLA-C,0.7677817214656926,0.3743812663275405,1369
CD3D,GZMA,0.7669693814172788,0.3095550563638911,1404
RRM2,TYMS,0.7666706680250035,0.264185458914701,2227
CD8A,CD8B,0.7665386391260991,0.2366182495237564,1713
CD2,CD3D,0.7658685571649687,0.2934596287192132,1402
COL1A1,COL4A1,0.7651669041002833,0.4470638996981386,1370
MKI67,TOP2A,0.7645859818465848,0.1769193309030682,1797
EOMES,GZMA,0.7642510588678032,0.4310704704673166,793
IDO1,MRC1,0.7621569962712474,1.0259983645297786,1346
ANLN,CENPE,0.7586088090589365,0.3403913853062951,817
AURKA,KIF20A,0.7577627188939376,0.2155694352150093,1711
COL4A1,COL6A3,0.7575736224894993,0.269098693953977,1302
GZMA,IFNG,0.7574026758823394,0.3763892046613656,1433
COL1A2,FAP,0.7565408065454461,0.3471802395680408,1326
COL6A1,MMP9,0.7563198283080211,0.8037481845383736,1294
CD3D,STAT1,0.7551679048321329,0.7752477350930148,1396
HLA-DRA,HLA-DRB1,0.7533015277442723,0.3331288652786572,1259
GZMH,IFNG,0.7518262199967317,0.5391005441867772,1369
CD2,TRAT1,0.7508024570270436,0.2380200935954554,1973
CD2,SH2D1A,0.7497949861738317,0.2395443621899592,2245
CDH5,TEK,0.7490789761227651,0.766757839745429,1394
GZMK,TRAT1,0.7483938905657057,0.2625272123182436,1959
COL1A1,COL6A1,0.7479230134291923,0.3641850310231729,1424
CXCL10,CXCL11,0.7476535142785846,0.2557648484756304,1971
CCNB1,CCNB2,0.7471505080038244,0.2393719292676923,2329
AURKA,CCNB1,0.746380088230372,0.2047510574573639,1765
BUB1,CCNB1,0.7459023302997907,0.2017683184424562,2277
CCNB1,KIF20A,0.7454463690034426,0.1779788678380505,1995
KIF18A,PLK4,0.7447144606905581,0.222989319030419,1985
KIF14,TOP2A,0.7446514552520656,0.1941177582829921,1749
CD68,IDO1,0.7446358497637638,1.0950940635144453,984
NME1,RANBP1,0.7443251543442228,0.4052317750235534,1450
ANLN,DLGAP5,0.7440634277468231,0.2468794307006681,819
COL1A1,MMP2,0.7426661551713383,0.2415929137092643,1390
CD2,CD28,0.7424737344287018,0.2118181228835493,1963
DLGAP5,PLK1,0.7422198645333694,0.4122105131663087,1266
HLA-DQB1,HLA-DRA,0.7406704383387873,0.3097894576449164,1367
BUB1,KIF20A,0.7392921336382374,0.2072743690025961,2003
COL5A1,MMP2,0.7390989855795659,0.3836210329397613,1394
COL1A2,COL6A2,0.7387944976189631,0.4479056732399916,1184
CD3D,EOMES,0.7386100838885478,0.3037749822756385,793
BUB1,TOP2A,0.7379748822664985,0.1833729070348209,1745
HLA-DPB1,HLA-DQB1,0.7378139115919928,0.7479716079797432,1369
COL6A2,COL6A3,0.7376141399219981,0.3942478501687732,1184
ANLN,CENPF,0.7372402560367872,0.3602081272912307,819
SH2D1A,TRAT1,0.735922455209022,0.2710997052387998,1969
HLA-DQA1,HLA-DQB1,0.7351259049377846,0.3769207125899844,1292
COL3A1,COL4A1,0.7350092854645905,0.2856988903234737,1274
HLA-DMA,HLA-DRA,0.7333357435662251,0.3027950282137285,1315
AURKA,BUB1,0.7319773643718607,0.2086718635535406,1709
RRM2,TOP2A,0.7307145932413256,0.214007970161312,1739
GZMB,IDO1,0.7304799367803647,0.3624500953759619,1178
DLGAP5,ESCO2,0.7299368266876898,0.5258926045978446,709
COL1A2,LGALS1,0.7287814722941253,0.9795875178127128,1374
KIF20A,TOP2A,0.7283443116776546,0.2046086893789568,1745
COL1A2,COL4A1,0.728270603826053,0.2369688776601823,1302
BUB1,CCNB2,0.7282650742903571,0.2363842106242264,2245
GZMA,HAVCR2,0.7276851174858384,0.3602162458955344,795
HLA-DMB,HLA-DRA,0.7274948427605643,0.2825823077890075,1313
KIF14,KIF20A,0.7263016756330519,0.1950153540233795,1979
CCNB1,PCNA,0.7254378690042466,0.2229001323059247,2315
GZMA,IFITM1,0.7237841000209488,0.4588300122259613,1417
CD8A,GZMK,0.7237701667421634,0.2461557258366755,2235
HLA-DMB,HLA-DPA1,0.7237101342040412,0.5544021794004452,1294
IDO1,IFNG,0.7234311213223273,0.3918419635142262,1364
COL5A1,FAP,0.7233432446630238,0.4273186061930162,1394
CXCL11,CXCL9,0.7221062026474084,0.2914912092045959,1957
CD28,TRAT1,0.7219219454728882,0.2665947754381737,1909
IFI30,ITGB2,0.7213560677999281,0.4015844745585573,1344
HAVCR2,TNFSF13B,0.7208224862913869,0.4418087809524562,795
HAVCR2,IFNG,0.7206322241986349,0.9205503903420532,795
ASPM,KIF14,0.7199816945611865,0.2400094406695394,1272
CCNB2,KIF20A,0.7198318091861954,0.2475023588023625,1969
IFITM1,IFITM2,0.7197100808290859,0.29254628498001,1473
COL6A3,MMP2,0.7196914204852244,0.3296955898573528,1322
GAPDH,TUBB,0.7188404530309012,0.4615730724392948,1394
AURKA,CCNB2,0.7183474158618802,0.2112362879627813,1755
COL1A2,PDGFRA,0.7180592915946366,0.3761702528369592,1380
HLA-DQA1,HLA-DRB1,0.7180097013624204,0.3924659807408504,1238
COL6A1,FAP,0.7177744977268523,0.9262209204002492,1374
GZMH,IDO1,0.7177635587707136,0.4192660214223829,1344
KIF18A,KIF20A,0.7176859856254236,0.1855042969488383,2007
HAVCR2,IDO1,0.7176434036550886,0.4149896327518145,799
H2AFZ,HMGN2,0.7170992415870782,0.3827948653117182,1055
ITGB2,MMP9,0.7170885429364975,0.5075209494911244,1240
KIF14,NEK2,0.7163047480635598,0.1744864328268259,1985
KIF14,PLK4,0.7162400685686228,0.2188634069486204,1967
CD3G,EOMES,0.7160356902405899,0.2065283599733304,687
CD2,CD3E,0.7156902533971505,0.2626901370471135,1274
IDO1,TNFSF13B,0.7141346792590735,0.3845258970374234,819
CASP1,GZMA,0.7139045281958314,0.4070286140189323,1230
EOMES,GZMK,0.7133421240382133,0.261316314896314,797
H1FX,PIM3,0.7129270775357105,1.1769838891327231,814
DEPDC1,KIF18A,0.7128475757390924,0.2163003271164469,1965
BUB1,KIF18A,0.7121052749365723,0.1799037977289463,2009
HLA-DPA1,HLA-DRB1,0.7113426162674793,0.3534322662219778,1238
DLGAP5,RANBP1,0.7112968142967785,0.5649881823230649,1266
P2RY8,PAG1,0.7112037540870481,0.5919829304973729,842
CENPF,PLK1,0.7106002958482596,0.427218195480695,1394
AURKA,TOP2A,0.7100775502153108,0.182604849794804,1695
CCNB2,TOP2A,0.7096471986898301,0.1884750745570293,1797
HAVCR2,IFITM1,0.7092236216722339,0.8121006245341668,793
COL5A1,COL6A1,0.7088151362402183,0.34321085596466,1426
AURKA,RRM2,0.7078341018799068,0.2200616174590798,1693
BUB1,RRM2,0.7071063323404395,0.2191544452150675,2231
AURKB,CCNB2,0.706902782890325,0.2062266017092014,1959
CCNB1,RRM2,0.706571018231351,0.2005040170548748,2231
CD28,SH2D1A,0.7065613836640233,0.2597217966574785,1963
CCNB2,RRM2,0.7061907625132403,0.2315278016778914,2229
BUB1,PLK4,0.705617869970211,0.1891141086885647,1985
KIF20A,NEK2,0.7054435452398209,0.2180966407121865,1989
PLK4,TOP2A,0.7053091198442479,0.1967120800028937,1745
KIF20A,PLK4,0.7044509612344153,0.2079813792557266,1985
COL1A2,FN1,0.7044427861461648,0.2810471090386455,1374
CCNB1,KIF18A,0.7035903037819318,0.1772198239931208,1995
COL6A3,PDGFRA,0.7035243126341715,0.2706784217341169,1380
PCNA,TYMS,0.703398102688983,0.1760262147914941,2309
CD2,CD8A,0.7031412136766922,0.2684335250731395,2247
MKI67,RRM2,0.7019929882904162,0.1911003790032432,2227
CCNB1,DLGAP5,0.7013887478190938,0.2208680945035489,1274
HSPE1,NME1,0.7005826791975234,0.3202801646758857,1415
IFITM1,ITGB2,0.7004396673463507,1.027876566829167,1342
ASPM,TOP2A,0.7003336818087817,0.2330026473311856,1272
KIF18A,TOP2A,0.7000481493556409,0.1800412084625065,1745
ACTA2,COL1A2,0.7000352980904514,0.4726318232681983,1216
