n_genes,score_mean,score_sd_between_attempts,bootstrap_sd,discriminative_snr,agree_xb_rank_agree_ratio,agree_r2_RNA_BATCH,agree_kbet_acceptance_rate_RNA_BATCH,agree_pv_lobo3_f1_macro_mean,descriptive_agree_full_panel,selector,k
5,0.8624913196839247,0.26925070657950223,0.0225939376395979,142.01357222040676,-0.016680266917550396,-0.198644657257607,-0.12828416894563288,-0.12563770956735504,0.9763027417414536,mRMR,5
8,0.8665066188326334,0.26261243367720594,0.018076621556562276,211.05519032853417,-0.004313244861758279,-0.18999355250214384,-0.15596407972447462,-0.12476357234198669,0.9783999350459051,mRMR,8
10,0.8688887738906287,0.26270581350930855,0.016254221994515997,261.2203417472659,-0.008433711530154648,-0.19183241126443293,-0.15009460823021217,-0.11986410389899078,0.9799905421273495,mRMR,10
12,0.8701420693204909,0.262235044999004,0.01579745785453206,275.554209299811,-0.014777460940813513,-0.1916029468722363,-0.13963096694291785,-0.11732434696240664,0.9803132871450233,mRMR,12
15,0.8719638473117883,0.26118754112006315,0.013922671593577867,351.93280857676854,-0.025058304599330977,-0.18236469080145057,-0.14638126427794096,-0.11307052433976485,0.9802904830807792,mRMR,15
20,0.8712105972249259,0.2616141643699566,0.012674728847954782,426.0348768083999,-0.01939316803194013,-0.1896928472662075,-0.13856926488715202,-0.10855285420663356,0.9812421401157091,mRMR,20
25,0.8717198752330806,0.26143521124716346,0.011918417910993276,481.1615780796984,-0.023004692703009196,-0.18346974921229026,-0.1404943266303763,-0.10988896425154225,0.9807912806576392,mRMR,25
30,0.8726011875265871,0.2609260230323499,0.010816785696537273,581.8865768089852,-0.0256899107936552,-0.18176898378580225,-0.14237890565674433,-0.11103549974207277,0.9805801090464463,mRMR,30
40,0.8743596326125372,0.25955934957698906,0.009519925010427293,743.3721724335944,-0.024420891500656683,-0.18240661656076182,-0.14154427374222478,-0.11028578659145823,0.9797431239566095,mRMR,40
50,0.8766120332171059,0.25875550393501956,0.0085469515124121,916.5511620079282,-0.02636210386702036,-0.18187053141947745,-0.14108391369084639,-0.11229777160112106,0.9789100027525631,mRMR,50
