gene,cluster,cluster_size,represents,median_rho,sd_rho,frac_raw_pairs,primary_cell_type,gene_groups,zero_frac,frac_lt_1,icc_cohort,genorm_m,reason
IMPDH2,43,1,IMPDH2,0.9966145080787356,0.2815441927594532,1.0,centrocyte (LZ),holmes_INT_c,0.0003112819741058857,0.056857923602255014,0.9166171857999075,1.1456971977251231,orthogonal — no correlated partner above the threshold
PGK1,49,1,PGK1,0.9932078349478471,0.28003576926230433,1.0,none,housekeeping,0.0,0.056688629229042664,0.9201793209558703,1.0587346020510837,orthogonal — no correlated partner above the threshold
PRELP,38,1,PRELP,0.966111085313264,0.2767339325858041,1.0,stromal/fibroblast,kotlov_FGES_CAF,0.01186910228565008,0.1787336448350669,0.8320111923822383,1.2018498456770796,orthogonal — no correlated partner above the threshold
FHIT,52,1,FHIT,0.9971057209515106,0.27518731864627827,1.0,centroblast (DZ),kotlov_DHIT_classifier,0.0025799207699998003,0.06401097406163776,0.7634999405165985,1.1880215111556114,orthogonal — no correlated partner above the threshold
DDX21,50,1,DDX21,0.9973779009792932,0.27490677899569893,1.0,centrocyte (LZ),holmes_LZ_b,0.0,0.05697134892389073,0.9281224898687793,1.083759573621038,orthogonal — no correlated partner above the threshold
SLA,17,1,SLA,0.9942719620586898,0.27467912962105057,1.0,germinal centre B,kotlov_COO_classifier,0.0002839752017871428,0.057811909601419555,0.8897251959999609,1.3931076013962969,orthogonal — no correlated partner above the threshold
CDK4,44,1,CDK4,0.9931457230067904,0.2736961593586825,1.0,centroblast (DZ),FL2025_C1_DZ_proliferative,0.0003112819741058857,0.05701253163792044,0.9366084964257145,1.1277427997947083,orthogonal — no correlated partner above the threshold
CCND2,21,1,CCND2,0.9956242467532276,0.27335892945674717,1.0,centroblast (DZ),FL2025_C1_DZ_proliferative;FL_PFS_signature_2019;dybkaer_centroblast_DZ;kotlov_COO_classifier,0.0007099380044679071,0.05709848902214777,0.8771749352007943,1.5109637839361685,orthogonal — no correlated partner above the threshold
RGS1,6,1,RGS1,0.9972359730031696,0.27313193097167143,1.0,plasma cell,holmes_PBL_b,0.0011632075794674214,0.059035091102693706,0.865680283939861,1.603222140655898,orthogonal — no correlated partner above the threshold
AKT1,8,1,AKT1,0.9978064520768564,0.27288251946519143,1.0,none,kotlov_FGES_PI3K,0.00014198760089355,0.05766992200052596,0.8940388751103997,1.0360514304830721,orthogonal — no correlated partner above the threshold
CD72,18,1,CD72,0.9982932146986524,0.2728681852480165,1.0,centrocyte (LZ),holmes_INT_d,0.00048057634731822857,0.0597468354254645,0.8267415703972611,1.5637477465370067,orthogonal — no correlated partner above the threshold
CCND1,36,1,CCND1,0.9752191634497962,0.27221877946500184,1.0,none,kotlov_FGES_cell_proliferation,0.006140817128861507,0.08510373693608908,0.9000021492960127,1.1776075605348306,orthogonal — no correlated partner above the threshold
CD53,13,1,CD53,0.996378052215835,0.2721098361738989,1.0,centrocyte (LZ),holmes_INT_e,0.0001692943732123,0.05671593600136142,0.9174362687063935,1.0464857349292864,orthogonal — no correlated partner above the threshold
ZNF277,51,1,ZNF277,0.9950000334104134,0.27164069006984454,1.0,centrocyte (LZ),holmes_INT_b,0.0007519860768126429,0.05850980600963833,0.9192780426472711,1.109796989303144,orthogonal — no correlated partner above the threshold
VCL,11,1,VCL,0.9966406449308638,0.27150784998896377,1.0,germinal centre B,kotlov_COO_classifier,0.0010717017176611356,0.05920168130436604,0.8893098253596383,1.3483679405084041,orthogonal — no correlated partner above the threshold
METAP2,42,1,METAP2,0.9969348595028434,0.2714550865804399,1.0,centrocyte (LZ),holmes_INT_a,0.0004658900097713,0.05676695063790782,0.9221488066350623,1.2280905686422277,orthogonal — no correlated partner above the threshold
ICAM1,3,1,ICAM1,0.9944402896955932,0.2710219551490005,1.0,stromal/fibroblast,kotlov_FGES_FRC,0.0005679504035743214,0.05739856723351061,0.8211621450215474,1.1944448795622473,orthogonal — no correlated partner above the threshold
CAMK1,12,1,CAMK1,0.9878900603990282,0.2706257837616683,1.0,centrocyte (LZ),holmes_INT_c;holmes_INT_e,0.008287828493690494,0.06502155371113601,0.8087300303917908,1.2989502267410267,orthogonal — no correlated partner above the threshold
CSTB,4,1,CSTB,0.9881146665303256,0.27023874410565674,1.0,germinal centre B,kotlov_COO_classifier,0.0,0.056534021193377255,0.9310061743430912,1.1728248892147424,orthogonal — no correlated partner above the threshold
PCNA,45,4,CCNB1;EZH2;MCM6;PCNA,0.9948409239091937,0.2699462688514346,1.0,centroblast (DZ),FL2025_C1_DZ_proliferative,0.00045326957499947144,0.05684530316748319,0.933298332131098,1.2553501181498206,medoid of a 4-gene redundancy cluster
ANXA6,33,1,ANXA6,0.997325005053762,0.26993015043805146,1.0,centrocyte (LZ),holmes_INT_d,0.0,0.056546641628149076,0.8737282833515602,1.2317231848000483,orthogonal — no correlated partner above the threshold
CD5,37,1,CD5,0.9907134255751052,0.26975664469758187,1.0,CD4 T,clinical_IHC_T_cell,0.00841719565981225,0.07714961694698937,0.8218650344496603,1.2168390193937584,orthogonal — no correlated partner above the threshold
SKI,35,1,SKI,0.9955063238806674,0.2697448359381628,1.0,centroblast (DZ),dybkaer_centroblast_DZ,0.003277079748385207,0.06727331716054238,0.9034619624977012,1.2298101804678045,orthogonal — no correlated partner above the threshold
FBLN1,39,1,FBLN1,0.9845510124981284,0.26931022988731323,1.0,stromal/fibroblast,kotlov_FGES_CAF,0.003435009193764843,0.07189819690086138,0.7630596147547638,1.3777351855966748,orthogonal — no correlated partner above the threshold
SNX2,28,1,SNX2,0.9885738084508724,0.26912446227879666,1.0,centroblast (DZ),holmes_DZ_b,0.0006331184802085429,0.057025152072692264,0.9156413777547052,1.1663981225052598,orthogonal — no correlated partner above the threshold
LMO2,9,1,LMO2,0.9949433069966942,0.2686561338150614,1.0,centrocyte (LZ),FL_PFS_signature_2019;clinical_IHC_GC_B_cell;holmes_INT_e;holmes_LZ_a;kotlov_COO_classifier,0.011876347502996928,0.08431635290470643,0.8211099176732135,1.802818445972657,orthogonal — no correlated partner above the threshold
ENTPD1,23,1,ENTPD1,0.9953477398312566,0.26848265968584056,1.0,centroblast (DZ),dybkaer_centroblast_DZ,0.0002839752017871428,0.05681120699360041,0.8545368865194479,1.3542782406709266,orthogonal — no correlated partner above the threshold
CNN2,7,1,CNN2,0.9985004918176676,0.26824738756149086,1.0,centrocyte (LZ),holmes_INT_d,0.0001692943732123,0.05656132796569602,0.8559028706421904,1.1293454342094749,orthogonal — no correlated partner above the threshold
SP140,20,1,SP140,0.9973714504489706,0.268038441920309,1.0,germinal centre B,kotlov_COO_classifier,0.0008792323776802428,0.057271265970163965,0.8854230431616824,1.2863874167997402,orthogonal — no correlated partner above the threshold
ITPKB,10,1,ITPKB,0.9946139399181478,0.2679445630483376,1.0,germinal centre B,kotlov_COO_classifier,0.00014198760089355,0.05848895478764297,0.900636322186671,1.286784339795732,orthogonal — no correlated partner above the threshold
IFIT1,30,2,IFI44;IFIT1,0.986691323376146,0.26791991181473807,1.0,none,FL2025_C3_inflammatory;kotlov_FGES_interferon,0.003021666825855886,0.0765682198164591,0.7658751963406724,1.4178637910209633,medoid of a 2-gene redundancy cluster
EGR3,25,1,EGR3,0.9938396937359152,0.2674240321233409,1.0,centroblast (DZ),dybkaer_centroblast_DZ;dybkaer_centrocyte_LZ,0.002450395012567321,0.0854271187196804,0.9022115093047185,1.3333735929969275,orthogonal — no correlated partner above the threshold
CD44,22,1,CD44,0.9974791388317996,0.2670679575729824,1.0,memory precursor,holmes_PreM,0.0,0.05511841209162299,0.9066561856994235,1.3172700181128265,orthogonal — no correlated partner above the threshold
LIMD1,24,1,LIMD1,0.9964583348243804,0.2667056909414161,1.0,centrocyte (LZ),dybkaer_centrocyte_LZ,0.0002839752017871428,0.061232347940573174,0.9052735791531364,1.2725913717680888,orthogonal — no correlated partner above the threshold
BCL2,26,1,BCL2,0.9887098261851376,0.26571593498111784,1.0,centroblast (DZ),FL2025_C2_LZ_anergy;FL_PFS_signature_2019;FL_POD24_markers;clinical_IHC_GC_B_cell;dybkaer_centroblast_DZ;holmes_double_hit_signature;kotlov_COO_classifier,0.0002965956365589643,0.05774519810766917,0.8410063913059398,1.661854484009484,orthogonal — no correlated partner above the threshold
VIM,34,1,VIM,0.986742678090676,0.2656337721775635,1.0,centroblast (DZ),holmes_DZ_a;holmes_PreM;kotlov_FGES_FRC,0.00014198760089355,0.056534021193377255,0.9233231114087158,1.2005056969870034,orthogonal — no correlated partner above the threshold
TPD52,41,1,TPD52,0.9920764264683372,0.2642905199124249,1.0,centroblast (DZ),holmes_DZ_b,0.0009297141167675499,0.06118443758700843,0.9296638470761028,1.3277330894495354,orthogonal — no correlated partner above the threshold
FEZ1,5,1,FEZ1,0.9612639296571333,0.2632134818539687,1.0,centrocyte (LZ),dybkaer_centrocyte_LZ,0.03304188748878695,0.11747108038524576,0.7090554125470266,1.5381659106468597,orthogonal — no correlated partner above the threshold
STMN1,46,1,STMN1,0.9930469623478264,0.2627448148799992,1.0,centroblast (DZ),holmes_DZ_a,0.0006078776106648857,0.05756786160672296,0.8749696718598954,1.2381256510535041,orthogonal — no correlated partner above the threshold
BIRC3,16,1,BIRC3,0.995654028170439,0.26262496446919964,1.0,centrocyte (LZ),holmes_LZ_a;kotlov_FGES_NFkB,0.00045326957499947144,0.05684530316748319,0.9215135496339442,1.2405206948519598,orthogonal — no correlated partner above the threshold
JAM3,40,1,JAM3,0.9857816248520936,0.2625612692207283,1.0,endothelial,kotlov_FGES_LEC,0.0022050915109315928,0.0727403256362179,0.8847054101891934,1.2082457455855924,orthogonal — no correlated partner above the threshold
IFNGR1,27,1,IFNGR1,0.9972291713522649,0.262273079992185,1.0,centrocyte (LZ),holmes_INT_d,0.00045326957499947144,0.056999911203148595,0.9154005445734793,1.166844131088504,orthogonal — no correlated partner above the threshold
PLEK,1,1,PLEK,0.9963667777366408,0.2619679466292526,1.0,centrocyte (LZ),holmes_LZ_a;kotlov_COO_classifier,0.0,0.056546641628149076,0.8938248505851175,1.1981052549055964,orthogonal — no correlated partner above the threshold
FXYD5,32,1,FXYD5,0.9982233969663176,0.26186608791089283,1.0,memory precursor,holmes_PreM,0.0002965956365589643,0.056688629229042664,0.8744067221121994,1.2256563719152824,orthogonal — no correlated partner above the threshold
CDK2,48,1,CDK2,0.993409518132179,0.26177036613770377,1.0,none,kotlov_FGES_cell_proliferation,0.0010717017176611356,0.059489423026970564,0.9125983664244975,1.128835717130638,orthogonal — no correlated partner above the threshold
POU2F2,19,1,POU2F2,0.99727034108185,0.2616550200349131,1.0,centrocyte (LZ),holmes_INT_c,0.0,0.056392033592483695,0.8249797366529115,1.2775981268542098,orthogonal — no correlated partner above the threshold
IFITM2,31,1,IFITM2,0.99393633040129,0.26151042639772687,1.0,memory precursor,holmes_PreM,0.0001692943732123,0.05687054403702684,0.896846104794615,1.2995027969802917,orthogonal — no correlated partner above the threshold
CHPT1,29,1,CHPT1,0.9879595904150024,0.2610419983686043,1.0,centrocyte (LZ),dybkaer_centrocyte_LZ,0.009390444172922799,0.07119278899552842,0.8960887709274669,1.2844036673450634,orthogonal — no correlated partner above the threshold
CCNE1,47,1,CCNE1,0.985573001129348,0.260428692662046,1.0,none,kotlov_FGES_cell_proliferation,0.006956295528157406,0.06893166571552928,0.8482471307873117,1.2658207781816098,orthogonal — no correlated partner above the threshold
BCL2A1,2,1,BCL2A1,0.9969479537814172,0.2602887106817651,1.0,centrocyte (LZ),dybkaer_centrocyte_LZ;holmes_LZ_a;holmes_LZ_b,0.0004658900097713,0.05826308215293378,0.8397408793441179,1.501810937176223,orthogonal — no correlated partner above the threshold
CD22,14,1,CD22,0.9965137084553995,0.25967269829656764,1.0,B cell,clinical_IHC_B_cell;holmes_INT_e;kotlov_FGES_B_cells,0.0002839752017871428,0.059014035258705154,0.8150434945356505,1.5044987808335353,orthogonal — no correlated partner above the threshold
CD83,15,1,CD83,0.9942893426356708,0.25789344345263243,1.0,centrocyte (LZ),FL2025_C2_LZ_anergy;holmes_INT_c;holmes_LZ_a;holmes_LZ_b,0.0005952571758930643,0.05783921637373831,0.8690417737301704,1.5107900607680338,orthogonal — no correlated partner above the threshold
